customer_name,last_order,first_order,orders,sales,profit,quantity,avg_discount,markets,categories,recency_days,profit_margin,avg_order_value,cluster,business_label
Aaron Bergman,2014-12-15,2011-02-19,37,24646,4683.208,301,0.11,6,3,16,0.19,666.108,0,Loyal active high-frequency customers
Aaron Hawkins,2014-12-19,2011-04-22,34,20759,2450.929,231,0.161,6,3,12,0.118,610.559,0,Loyal active high-frequency customers
Aaron Smayling,2014-12-08,2011-03-21,31,14207,369.162,211,0.168,6,3,23,0.026,458.29,2,Loyal active high-frequency customers
Adam Bellavance,2014-11-26,2011-01-07,41,20189,4979.977,262,0.132,6,3,35,0.247,492.415,0,Loyal active high-frequency customers
Adam Hart,2014-12-29,2011-06-10,42,21720,1902.033,293,0.093,7,3,2,0.088,517.143,0,Loyal active high-frequency customers
Adam Shillingsburg,2014-12-16,2011-04-06,36,15445,1421.274,238,0.163,5,3,15,0.092,429.028,2,Loyal active high-frequency customers
Adrian Barton,2014-12-04,2011-05-18,40,25125,6417.284,265,0.209,7,3,27,0.255,628.125,0,Loyal active high-frequency customers
Adrian Hane,2014-12-10,2011-07-18,26,11406,2081.379,207,0.128,6,3,21,0.182,438.692,1,Loyal active high-frequency customers
Adrian Shami,2014-11-20,2011-11-17,24,11287,1564.494,144,0.159,6,3,41,0.139,470.292,1,Loyal active high-frequency customers
Aimee Bixby,2014-11-26,2011-01-25,28,16205,2926.354,208,0.107,5,3,35,0.181,578.75,1,Loyal active high-frequency customers
Alan Barnes,2014-12-18,2011-02-18,35,13053,2436.066,232,0.089,7,3,13,0.187,372.943,2,Loyal active high-frequency customers
Alan Dominguez,2014-12-26,2011-08-16,30,18538,1539.992,167,0.165,6,3,5,0.083,617.933,2,Loyal active high-frequency customers
Alan Haines,2014-11-12,2011-01-17,34,15281,-592.246,258,0.184,7,3,49,-0.039,449.441,3,Loss-making / discount-sensitive customers
Alan Hwang,2014-12-25,2011-08-13,38,23641,4342.371,292,0.111,6,3,6,0.184,622.132,0,Loyal active high-frequency customers
Alan Schoenberger,2014-12-29,2011-05-18,35,21837,2503.635,231,0.163,7,3,2,0.115,623.914,0,Loyal active high-frequency customers
Alan Shonely,2014-12-19,2011-01-26,36,10692,1175.454,246,0.127,6,3,12,0.11,297.0,2,Loyal active high-frequency customers
Alejandro Ballentine,2014-12-26,2011-01-20,39,15463,758.614,207,0.115,7,3,5,0.049,396.487,2,Loyal active high-frequency customers
Alejandro Grove,2014-12-18,2011-01-09,33,13419,2602.572,255,0.049,7,3,13,0.194,406.636,2,Loyal active high-frequency customers
Alejandro Savely,2014-12-13,2011-03-21,43,21124,2533.566,273,0.057,6,3,18,0.12,491.256,0,Loyal active high-frequency customers
Aleksandra Gannaway,2014-12-29,2011-01-19,30,14715,773.147,206,0.168,6,3,2,0.053,490.5,2,Loyal active high-frequency customers
Alex Avila,2014-12-29,2011-03-31,26,15993,983.256,165,0.123,6,3,2,0.061,615.115,1,Loyal active high-frequency customers
Alex Grayson,2014-12-29,2011-07-20,36,15071,1006.972,250,0.213,6,3,2,0.067,418.639,2,Loyal active high-frequency customers
Alex Russell,2014-12-02,2011-03-30,35,16469,2290.66,209,0.145,6,3,29,0.139,470.543,2,Loyal active high-frequency customers
Alice McCarthy,2014-12-16,2011-02-21,39,18765,2977.852,284,0.088,6,3,15,0.159,481.154,0,Loyal active high-frequency customers
Allen Armold,2014-12-25,2011-04-21,31,6537,754.919,169,0.162,7,3,6,0.115,210.871,1,Loyal active high-frequency customers
Allen Goldenen,2014-09-10,2011-04-19,23,8928,447.265,178,0.204,6,3,112,0.05,388.174,1,Loyal active high-frequency customers
Allen Rosenblatt,2014-11-07,2011-01-26,28,9529,-552.282,168,0.19,6,3,54,-0.058,340.321,3,Loss-making / discount-sensitive customers
Alyssa Crouse,2014-12-25,2011-01-07,33,12296,444.036,180,0.136,6,3,6,0.036,372.606,2,Loyal active high-frequency customers
Alyssa Tate,2014-12-19,2011-06-02,36,14945,2795.531,185,0.179,6,3,12,0.187,415.139,2,Loyal active high-frequency customers
Amy Cox,2014-12-26,2011-08-08,26,17155,3980.411,143,0.171,7,3,5,0.232,659.808,1,Loyal active high-frequency customers
Amy Hunt,2014-10-22,2011-04-06,24,9202,718.335,143,0.091,6,3,70,0.078,383.417,1,Loyal active high-frequency customers
Andrew Allen,2014-08-28,2011-05-04,25,19758,2071.088,175,0.106,7,3,125,0.105,790.32,0,Loyal active high-frequency customers
Andrew Gjertsen,2014-11-13,2011-02-22,40,16381,2642.214,302,0.167,7,3,48,0.161,409.525,2,Loyal active high-frequency customers
Andrew Roberts,2014-12-17,2011-02-21,39,16914,3561.759,235,0.097,6,3,14,0.211,433.692,0,Loyal active high-frequency customers
Andy Gerbode,2014-12-19,2011-06-23,27,11339,169.39,139,0.194,6,3,12,0.015,419.963,1,Loyal active high-frequency customers
Andy Reiter,2014-12-25,2011-04-28,23,8545,3139.083,89,0.119,6,3,6,0.367,371.522,1,Loyal active high-frequency customers
Andy Yotov,2014-12-17,2011-04-06,27,8542,2290.976,163,0.072,6,3,14,0.268,316.37,1,Loyal active high-frequency customers
Anemone Ratner,2014-12-29,2011-04-21,27,11492,1994.65,178,0.126,6,3,2,0.174,425.63,1,Loyal active high-frequency customers
Angele Hood,2014-12-10,2011-06-08,31,11357,1610.072,170,0.189,6,3,21,0.142,366.355,1,Loyal active high-frequency customers
Ann Blume,2014-12-24,2011-01-19,27,18727,1870.011,238,0.107,6,3,7,0.1,693.593,0,Loyal active high-frequency customers
Ann Chong,2014-12-25,2011-04-30,36,15027,880.128,264,0.117,6,3,6,0.059,417.417,2,Loyal active high-frequency customers
Ann Steele,2014-11-28,2011-02-04,30,11818,2091.053,164,0.246,6,3,33,0.177,393.933,1,Loyal active high-frequency customers
Anna Andreadi,2014-12-03,2011-01-26,47,17312,2443.093,302,0.186,6,3,28,0.141,368.34,2,Loyal active high-frequency customers
Anna Chung,2014-12-29,2011-06-06,25,8932,-272.127,152,0.184,6,3,2,-0.03,357.28,3,Loss-making / discount-sensitive customers
Anna Gayman,2014-11-14,2011-03-09,31,15392,923.062,249,0.216,6,3,47,0.06,496.516,2,Loyal active high-frequency customers
Anna Häberlin,2014-12-01,2011-02-11,36,18093,2466.012,280,0.121,6,3,30,0.136,502.583,0,Loyal active high-frequency customers
Anne McFarland,2014-12-06,2011-05-03,36,25522,3238.585,303,0.099,7,3,25,0.127,708.944,0,Loyal active high-frequency customers
Anne Pryor,2014-11-24,2011-03-03,26,16360,2992.765,244,0.127,6,3,37,0.183,629.231,0,Loyal active high-frequency customers
Annie Thurman,2014-12-29,2011-01-01,34,13385,2659.778,186,0.071,6,3,2,0.199,393.676,1,Loyal active high-frequency customers
Annie Zypern,2014-12-05,2011-03-17,28,11871,924.36,215,0.186,7,3,26,0.078,423.964,2,Loyal active high-frequency customers
Anthony Garverick,2014-12-03,2011-01-12,35,11687,175.306,227,0.211,6,3,28,0.015,333.914,2,Loyal active high-frequency customers
Anthony Jacobs,2014-12-30,2011-01-11,37,17757,1172.24,232,0.231,7,3,1,0.066,479.919,2,Loyal active high-frequency customers
Anthony Johnson,2014-11-25,2011-05-03,32,12284,2478.582,259,0.085,6,3,36,0.202,383.875,2,Loyal active high-frequency customers
Anthony O'Donnell,2014-12-24,2011-08-30,32,15025,1093.1,228,0.128,7,3,7,0.073,469.531,2,Loyal active high-frequency customers
Anthony Rawles,2014-12-09,2011-04-26,45,17339,3117.647,248,0.126,6,3,22,0.18,385.311,2,Loyal active high-frequency customers
Anthony Witt,2014-12-15,2011-02-05,32,15143,1216.412,244,0.165,5,3,16,0.08,473.219,2,Loyal active high-frequency customers
Arianne Irving,2014-12-18,2011-04-28,26,9281,1538.177,176,0.099,6,3,13,0.166,356.962,1,Loyal active high-frequency customers
Art Ferguson,2014-12-26,2011-03-30,45,28183,2278.304,326,0.14,7,3,5,0.081,626.289,0,Loyal active high-frequency customers
Art Foster,2014-11-08,2011-03-28,37,20064,2971.235,283,0.121,6,3,53,0.148,542.27,0,Loyal active high-frequency customers
Arthur Gainer,2014-12-08,2011-01-30,33,19871,1733.247,284,0.145,5,3,23,0.087,602.152,0,Loyal active high-frequency customers
Arthur Prichep,2014-10-16,2011-01-04,37,18546,3137.616,284,0.075,6,3,76,0.169,501.243,0,Loyal active high-frequency customers
Arthur Wiediger,2014-11-26,2011-01-04,28,11016,2680.967,175,0.169,6,3,35,0.243,393.429,1,Loyal active high-frequency customers
Ashley Jarboe,2014-12-03,2011-03-03,36,15949,3006.703,195,0.126,6,3,28,0.189,443.028,2,Loyal active high-frequency customers
Astrea Jones,2014-11-13,2011-03-03,27,13259,2531.358,206,0.157,6,3,48,0.191,491.074,1,Loyal active high-frequency customers
Barbara Fisher,2014-12-09,2011-07-14,30,9838,1833.732,193,0.129,6,3,22,0.186,327.933,1,Loyal active high-frequency customers
Barry Blumstein,2014-12-17,2011-04-05,37,9883,299.425,211,0.186,6,3,14,0.03,267.108,2,Loyal active high-frequency customers
Barry Franz,2014-12-23,2011-04-25,27,24082,1115.671,228,0.179,6,3,8,0.046,891.926,0,Loyal active high-frequency customers
Barry Französisch,2014-12-16,2011-02-16,31,13206,940.121,191,0.239,6,3,15,0.071,426.0,2,Loyal active high-frequency customers
Barry Gonzalez,2014-12-03,2011-09-27,34,20023,1530.178,250,0.127,5,3,28,0.076,588.912,0,Loyal active high-frequency customers
Barry Pond,2014-12-26,2011-03-05,30,10389,2090.962,176,0.161,6,3,5,0.201,346.3,1,Loyal active high-frequency customers
Barry Weirich,2014-12-09,2011-01-27,23,17440,3695.403,216,0.099,6,3,22,0.212,758.261,0,Loyal active high-frequency customers
Bart Folk,2014-12-06,2011-03-30,27,13942,2084.509,208,0.175,7,3,25,0.15,516.37,2,Loyal active high-frequency customers
Bart Pistole,2014-12-29,2011-01-14,38,10087,984.259,243,0.146,6,3,2,0.098,265.447,2,Loyal active high-frequency customers
Bart Watters,2014-11-07,2011-02-16,45,32315,3595.886,338,0.097,7,3,54,0.111,718.111,0,Loyal active high-frequency customers
Becky Castell,2014-12-02,2011-03-10,34,15186,2485.96,300,0.139,6,3,29,0.164,446.647,2,Loyal active high-frequency customers
Becky Martin,2014-12-23,2011-06-02,35,27173,-1096.925,293,0.173,6,3,8,-0.04,776.371,3,Loss-making / discount-sensitive customers
Becky Pak,2014-11-29,2011-06-08,30,14811,3576.207,221,0.104,7,3,32,0.241,493.7,0,Loyal active high-frequency customers
Ben Ferrer,2014-12-15,2011-04-13,37,23219,4135.101,316,0.077,6,3,16,0.178,627.541,0,Loyal active high-frequency customers
Ben Peterman,2014-12-30,2011-09-23,38,16809,1343.956,246,0.228,6,3,1,0.08,442.342,2,Loyal active high-frequency customers
Ben Wallace,2014-11-21,2011-01-13,33,14965,2352.206,219,0.118,6,3,40,0.157,453.485,2,Loyal active high-frequency customers
Benjamin Farhat,2014-12-05,2011-02-16,32,13370,641.319,228,0.135,5,3,26,0.048,417.812,2,Loyal active high-frequency customers
Benjamin Patterson,2014-11-22,2011-04-01,31,18714,912.212,207,0.164,6,3,39,0.049,603.677,0,Loyal active high-frequency customers
Benjamin Venier,2014-11-17,2011-06-02,25,21366,2819.75,200,0.164,5,3,44,0.132,854.64,0,Loyal active high-frequency customers
Berenike Kampe,2014-12-05,2011-04-11,33,13586,2447.679,221,0.158,6,3,26,0.18,411.697,2,Loyal active high-frequency customers
Beth Fritzler,2014-12-25,2011-03-22,30,10588,661.453,196,0.118,6,3,6,0.062,352.933,1,Loyal active high-frequency customers
Beth Paige,2014-12-19,2011-01-18,33,12827,1958.099,186,0.194,6,3,12,0.153,388.697,2,Loyal active high-frequency customers
Beth Thompson,2014-12-03,2011-01-04,34,11631,863.926,234,0.184,6,3,28,0.074,342.088,2,Loyal active high-frequency customers
Bill Donatelli,2014-12-26,2011-04-22,38,15276,1622.68,232,0.101,6,3,5,0.106,402.0,2,Loyal active high-frequency customers
Bill Eplett,2014-11-26,2011-04-13,42,28480,7410.005,411,0.084,6,3,35,0.26,678.095,0,Loyal active high-frequency customers
Bill Overfelt,2014-12-10,2011-10-13,26,8093,415.22,158,0.26,6,3,21,0.051,311.269,1,Loyal active high-frequency customers
Bill Shonely,2014-12-31,2011-05-04,31,23511,5968.907,254,0.054,6,3,0,0.254,758.419,0,Loyal active high-frequency customers
Bill Stewart,2014-12-03,2011-02-26,28,18776,1815.03,266,0.192,6,3,28,0.097,670.571,0,Loyal active high-frequency customers
Bill Tyler,2014-12-03,2011-03-10,28,11798,2544.93,183,0.115,6,3,28,0.216,421.357,1,Loyal active high-frequency customers
Bobby Elias,2014-12-10,2011-04-08,37,18411,3789.156,225,0.112,6,3,21,0.206,497.595,0,Loyal active high-frequency customers
Bobby Odegard,2014-12-30,2011-02-26,29,15029,2556.825,213,0.143,6,3,1,0.17,518.241,2,Loyal active high-frequency customers
Bobby Trafton,2014-11-10,2011-04-04,31,10400,-469.791,172,0.274,6,3,51,-0.045,335.484,3,Loss-making / discount-sensitive customers
Brad Eason,2014-12-28,2011-03-04,29,18986,978.024,243,0.163,6,3,3,0.052,654.69,0,Loyal active high-frequency customers
Brad Norvell,2014-12-20,2011-09-12,36,26200,2124.053,243,0.128,6,3,11,0.081,727.778,0,Loyal active high-frequency customers
Brad Thomas,2014-12-01,2011-01-25,38,11683,939.628,233,0.162,6,3,30,0.08,307.447,2,Loyal active high-frequency customers
Bradley Drucker,2014-12-12,2011-01-04,30,13142,2381.066,181,0.124,5,3,19,0.181,438.067,1,Loyal active high-frequency customers
Bradley Nguyen,2014-12-22,2011-03-17,31,12878,2544.069,244,0.057,6,3,9,0.198,415.419,1,Loyal active high-frequency customers
Bradley Talbott,2014-11-28,2011-01-26,32,15343,1453.635,188,0.145,7,3,33,0.095,479.469,2,Loyal active high-frequency customers
Brenda Bowman,2014-12-03,2011-10-13,31,16007,1738.847,238,0.171,6,3,28,0.109,516.355,2,Loyal active high-frequency customers
Brendan Dodson,2014-12-24,2011-01-31,24,10920,2024.704,148,0.062,6,3,7,0.185,455.0,1,Loyal active high-frequency customers
Brendan Murry,2014-11-27,2011-01-22,34,12055,282.135,157,0.103,6,3,34,0.023,354.559,1,Loyal active high-frequency customers
Brendan Sweed,2014-11-26,2011-01-15,28,12179,2045.689,207,0.122,6,3,35,0.168,434.964,1,Loyal active high-frequency customers
Brian Dahlen,2014-09-25,2011-01-10,24,9890,1425.667,160,0.07,6,3,97,0.144,412.083,1,Loyal active high-frequency customers
Brian DeCherney,2014-11-12,2011-03-01,36,10772,984.424,207,0.11,6,3,49,0.091,299.222,2,Loyal active high-frequency customers
Brian Derr,2014-12-22,2011-04-12,34,16917,2792.309,242,0.142,6,3,9,0.165,497.559,0,Loyal active high-frequency customers
Brian Moss,2014-11-28,2011-07-09,32,17459,4385.845,248,0.099,7,3,33,0.251,545.594,0,Loyal active high-frequency customers
Brian Stugart,2014-12-02,2011-05-14,31,22573,3612.876,278,0.112,6,3,29,0.16,728.161,0,Loyal active high-frequency customers
Brian Thompson,2014-12-13,2011-03-16,26,14896,1795.55,218,0.112,6,3,18,0.121,572.923,1,Loyal active high-frequency customers
Brooke Gillingham,2014-12-22,2011-04-30,24,11213,417.32,153,0.156,6,3,9,0.037,467.208,1,Loyal active high-frequency customers
Brosina Hoffman,2014-12-08,2011-01-06,41,28120,4876.94,355,0.146,6,3,23,0.173,685.854,0,Loyal active high-frequency customers
Bruce Degenhardt,2014-12-27,2011-01-14,43,15959,2475.156,256,0.143,6,3,4,0.155,371.14,2,Loyal active high-frequency customers
Bruce Geld,2014-12-25,2011-03-23,28,15381,1426.628,198,0.117,6,3,6,0.093,549.321,1,Loyal active high-frequency customers
Bruce Stewart,2014-12-30,2011-05-18,34,19234,496.959,252,0.136,6,3,1,0.026,565.706,0,Loyal active high-frequency customers
Bryan Davis,2014-11-26,2011-01-31,31,13571,1528.27,228,0.138,6,3,35,0.113,437.774,2,Loyal active high-frequency customers
Bryan Mills,2014-12-29,2011-03-10,45,20689,2512.617,278,0.14,6,3,2,0.121,459.756,0,Loyal active high-frequency customers
Bryan Spruell,2014-12-22,2011-03-01,30,17253,2783.207,214,0.054,6,3,9,0.161,575.1,0,Loyal active high-frequency customers
Candace McMahon,2014-11-21,2011-03-14,28,14798,-2798.791,172,0.211,6,3,40,-0.189,528.5,3,Loss-making / discount-sensitive customers
Cari MacIntyre,2014-12-25,2011-07-08,37,21608,2484.686,266,0.166,5,3,6,0.115,584.0,0,Loyal active high-frequency customers
Cari Sayre,2014-12-16,2011-01-13,34,22067,2915.328,208,0.227,6,3,15,0.132,649.029,0,Loyal active high-frequency customers
Cari Schnelling,2014-11-11,2011-03-03,30,12179,1319.894,162,0.124,6,3,50,0.108,405.967,1,Loyal active high-frequency customers
Carl Jackson,2014-12-18,2011-09-12,29,13972,1957.427,168,0.137,6,3,13,0.14,481.793,1,Loyal active high-frequency customers
Carl Ludwig,2014-12-18,2011-01-22,40,18180,-164.263,215,0.139,7,3,13,-0.009,454.5,3,Loss-making / discount-sensitive customers
Carl Weiss,2014-12-23,2011-06-09,29,14357,3007.399,218,0.078,6,3,8,0.209,495.069,1,Loyal active high-frequency customers
Carlos Daly,2014-12-29,2011-03-12,31,20117,5028.909,240,0.1,6,3,2,0.25,648.935,0,Loyal active high-frequency customers
Carlos Meador,2014-11-25,2011-02-23,25,10148,2206.362,150,0.13,6,3,36,0.217,405.92,1,Loyal active high-frequency customers
Carlos Soltero,2014-12-06,2011-02-24,36,14936,-1000.076,221,0.253,7,3,25,-0.067,414.889,3,Loss-making / discount-sensitive customers
Carol Adams,2014-12-13,2011-01-27,34,23993,3279.081,200,0.164,6,3,18,0.137,705.676,0,Loyal active high-frequency customers
Carol Darley,2014-12-30,2011-03-22,30,13232,1880.357,218,0.169,7,3,1,0.142,441.067,2,Loyal active high-frequency customers
Carol Triggs,2014-12-03,2011-04-29,29,14139,2437.803,173,0.103,5,3,28,0.172,487.552,1,Loyal active high-frequency customers
Caroline Jumper,2014-11-28,2011-06-02,29,19582,2417.592,222,0.152,6,3,33,0.123,675.241,0,Loyal active high-frequency customers
Cassandra Brandow,2014-12-22,2011-03-21,30,13529,208.829,227,0.11,5,3,9,0.015,450.967,2,Loyal active high-frequency customers
Catherine Glotzbach,2014-12-10,2011-07-15,24,4116,-246.839,120,0.299,6,3,21,-0.06,171.5,3,Loss-making / discount-sensitive customers
Cathy Armstrong,2014-12-18,2011-03-21,25,12293,1869.77,207,0.112,6,3,13,0.152,491.72,1,Loyal active high-frequency customers
Cathy Hwang,2014-10-03,2011-04-12,29,15667,2671.51,225,0.068,6,3,89,0.171,540.241,0,Loyal active high-frequency customers
Cathy Prescott,2014-10-23,2011-06-27,33,19770,1750.574,253,0.123,7,3,69,0.089,599.091,0,Loyal active high-frequency customers
Chad Cunningham,2014-11-10,2011-11-15,30,12522,2622.627,216,0.126,6,3,51,0.209,417.4,1,Loyal active high-frequency customers
Chad McGuire,2014-12-23,2011-02-10,23,16566,2442.347,160,0.093,6,3,8,0.147,720.261,1,Loyal active high-frequency customers
Chad Sievert,2014-12-20,2011-03-18,26,12348,-4.067,185,0.159,7,3,11,-0.0,474.923,3,Loss-making / discount-sensitive customers
Charles Crestani,2014-10-10,2011-06-17,30,13350,1307.799,180,0.14,6,3,82,0.098,445.0,1,Loyal active high-frequency customers
Charles McCrossin,2014-12-05,2011-01-31,31,20156,746.687,176,0.172,6,3,26,0.037,650.194,0,Loyal active high-frequency customers
Charles Sheldon,2014-11-04,2011-01-18,34,20050,4328.577,246,0.107,6,3,57,0.216,589.706,0,Loyal active high-frequency customers
Charlotte Melton,2014-12-31,2011-06-06,29,12827,117.792,212,0.131,6,3,0,0.009,442.31,2,Loyal active high-frequency customers
Chloris Kastensmidt,2014-12-27,2011-03-11,43,14572,965.813,327,0.222,6,3,4,0.066,338.884,2,Loyal active high-frequency customers
Chris Cortes,2014-12-11,2011-03-03,44,11483,2505.889,268,0.093,7,3,20,0.218,260.977,2,Loyal active high-frequency customers
Chris McAfee,2014-11-19,2011-01-03,27,11621,1887.698,139,0.122,6,3,42,0.162,430.407,1,Loyal active high-frequency customers
Chris Selesnick,2014-12-29,2011-01-14,34,14418,2602.506,304,0.079,6,3,2,0.181,424.059,0,Loyal active high-frequency customers
Christina Anderson,2014-11-27,2011-01-26,38,21835,3662.118,247,0.074,6,3,34,0.168,574.605,0,Loyal active high-frequency customers
Christina DeMoss,2014-12-19,2011-06-27,31,17986,2591.782,265,0.118,6,3,12,0.144,580.194,0,Loyal active high-frequency customers
Christina VanderZanden,2014-11-22,2011-03-28,29,10327,605.337,185,0.165,6,3,39,0.059,356.103,1,Loyal active high-frequency customers
Christine Abelman,2014-12-18,2011-03-23,26,7803,867.159,113,0.094,6,3,13,0.111,300.115,1,Loyal active high-frequency customers
Christine Kargatis,2014-12-31,2011-03-14,35,13055,1380.713,245,0.137,6,3,0,0.106,373.0,2,Loyal active high-frequency customers
Christine Phan,2014-12-23,2011-01-24,34,25157,1748.281,278,0.098,6,3,8,0.069,739.912,0,Loyal active high-frequency customers
Christine Sundaresam,2014-12-25,2011-04-02,40,10546,-1.152,188,0.144,6,3,6,-0.0,263.65,2,Loyal active high-frequency customers
Christopher Conant,2014-12-25,2011-02-04,39,35187,5603.334,287,0.129,6,3,6,0.159,902.231,0,Loyal active high-frequency customers
Christopher Martinez,2014-11-24,2011-01-08,29,22460,3010.034,198,0.186,6,3,37,0.134,774.483,0,Loyal active high-frequency customers
Christopher Schild,2014-12-30,2011-06-24,28,12516,2080.043,197,0.076,6,3,1,0.166,447.0,1,Loyal active high-frequency customers
Christy Brittain,2014-12-05,2011-02-24,27,13938,2087.084,194,0.182,6,3,26,0.15,516.222,1,Loyal active high-frequency customers
Chuck Clark,2014-12-31,2011-01-24,31,15040,2940.511,229,0.106,6,3,0,0.196,485.161,0,Loyal active high-frequency customers
Chuck Magee,2014-12-16,2011-04-25,29,13715,1476.656,224,0.135,6,3,15,0.108,472.931,2,Loyal active high-frequency customers
Chuck Sachs,2014-12-25,2011-01-11,31,22759,2943.11,236,0.102,6,3,6,0.129,734.161,0,Loyal active high-frequency customers
Cindy Chapman,2014-12-15,2011-05-03,37,20866,4034.854,246,0.125,7,3,16,0.193,563.946,0,Loyal active high-frequency customers
Cindy Schnelling,2014-12-29,2011-04-09,33,12775,188.872,197,0.193,6,3,2,0.015,387.121,2,Loyal active high-frequency customers
Cindy Stewart,2014-12-04,2011-03-26,23,13432,-6151.558,153,0.1,6,3,27,-0.458,584.0,3,Loss-making / discount-sensitive customers
Claire Gute,2014-12-03,2011-07-06,25,14662,2566.578,184,0.159,6,3,28,0.175,586.48,1,Loyal active high-frequency customers
Claudia Bergmann,2014-12-24,2011-01-22,29,18261,2167.217,241,0.121,6,3,7,0.119,629.69,0,Loyal active high-frequency customers
Clay Cheatham,2014-12-04,2011-03-17,30,9345,1524.549,191,0.137,6,3,27,0.163,311.5,1,Loyal active high-frequency customers
Clay Ludtke,2014-12-26,2011-02-09,36,19784,1323.429,284,0.111,6,3,5,0.067,549.556,0,Loyal active high-frequency customers
Clay Rozendal,2014-12-09,2011-08-12,25,11759,1945.996,164,0.169,6,3,22,0.165,470.36,1,Loyal active high-frequency customers
Clytie Kelty,2014-11-18,2011-07-29,36,17141,2373.636,289,0.128,6,3,43,0.138,476.139,0,Loyal active high-frequency customers
Corey Catlett,2014-12-15,2011-07-16,32,17604,3003.011,212,0.115,5,3,16,0.171,550.125,0,Loyal active high-frequency customers
Corey Roper,2014-11-18,2011-01-23,37,22354,2345.122,262,0.162,7,3,43,0.105,604.162,0,Loyal active high-frequency customers
Corey-Lock,2014-12-27,2011-04-14,30,13049,1196.04,238,0.151,6,3,4,0.092,434.967,2,Loyal active high-frequency customers
Corinna Mitchell,2014-12-04,2011-08-06,30,15580,-955.062,174,0.258,6,3,27,-0.061,519.333,3,Loss-making / discount-sensitive customers
Craig Carreira,2014-12-15,2011-04-13,34,11497,-280.982,210,0.183,6,3,16,-0.024,338.147,3,Loss-making / discount-sensitive customers
Craig Carroll,2014-11-07,2011-03-22,25,16815,2249.86,210,0.205,6,3,54,0.134,672.6,1,Loyal active high-frequency customers
Craig Leslie,2014-12-23,2011-01-15,35,19378,2670.329,248,0.109,6,3,8,0.138,553.657,0,Loyal active high-frequency customers
Craig Molinari,2014-11-20,2011-03-07,26,11230,1210.341,179,0.179,6,3,41,0.108,431.923,1,Loyal active high-frequency customers
Craig Reiter,2014-12-26,2011-07-15,35,20848,1435.437,224,0.274,6,3,5,0.069,595.657,2,Loyal active high-frequency customers
Craig Yedwab,2014-11-01,2011-05-06,35,14220,1542.243,200,0.102,6,3,60,0.108,406.286,2,Loyal active high-frequency customers
Cyma Kinney,2014-11-24,2011-02-08,38,10596,525.384,211,0.09,6,3,37,0.05,278.842,2,Loyal active high-frequency customers
Cynthia Arntzen,2014-09-29,2011-06-07,30,19834,3891.264,213,0.167,6,3,93,0.196,661.133,0,Loyal active high-frequency customers
Cynthia Delaney,2014-10-16,2011-02-03,32,14500,2154.303,228,0.105,6,3,76,0.149,453.125,2,Loyal active high-frequency customers
Cynthia Voltz,2014-12-27,2011-04-27,27,14857,1910.106,181,0.145,6,3,4,0.129,550.259,1,Loyal active high-frequency customers
Cyra Reiten,2014-11-06,2011-06-11,32,15657,3312.72,188,0.089,6,3,55,0.212,489.281,1,Loyal active high-frequency customers
Damala Kotsonis,2014-12-10,2011-01-31,43,20961,2917.85,274,0.195,6,3,21,0.139,487.465,2,Loyal active high-frequency customers
Dan Campbell,2014-11-27,2011-07-05,38,13439,-70.49,231,0.137,7,3,34,-0.005,353.658,3,Loss-making / discount-sensitive customers
Dan Lawera,2014-11-04,2011-01-10,41,12690,426.035,270,0.202,7,3,57,0.034,309.512,2,Loyal active high-frequency customers
Dan Reichenbach,2014-12-28,2011-04-18,40,16705,1984.399,309,0.148,6,3,3,0.119,417.625,2,Loyal active high-frequency customers
Dana Kaydos,2014-11-16,2011-05-17,28,19638,1363.563,242,0.115,6,3,45,0.069,701.357,0,Loyal active high-frequency customers
Daniel Byrd,2014-12-29,2011-04-07,35,15392,1656.94,209,0.139,7,3,2,0.108,439.771,2,Loyal active high-frequency customers
Daniel Lacy,2014-11-24,2011-02-18,28,12201,1108.44,219,0.258,6,3,37,0.091,435.75,2,Loyal active high-frequency customers
Daniel Raglin,2014-12-04,2011-02-09,41,27932,6103.973,289,0.16,6,3,27,0.219,681.268,0,Loyal active high-frequency customers
Dario Medina,2014-12-19,2011-07-11,41,22297,2306.927,266,0.155,7,3,12,0.103,543.829,0,Loyal active high-frequency customers
Darren Budd,2014-11-04,2011-03-14,15,9681,586.965,98,0.107,5,3,57,0.061,645.4,1,Loyal active high-frequency customers
Darren Koutras,2014-12-30,2011-01-20,36,14903,1287.917,226,0.122,5,3,1,0.086,413.972,2,Loyal active high-frequency customers
Darren Powers,2014-12-17,2011-01-04,41,15980,-517.451,275,0.215,7,3,14,-0.032,389.756,3,Loss-making / discount-sensitive customers
Darrin Martin,2014-12-29,2011-03-04,36,17733,1991.752,268,0.135,6,3,2,0.112,492.583,0,Loyal active high-frequency customers
Darrin Sayre,2014-11-13,2011-04-19,32,13283,1487.667,252,0.184,6,3,48,0.112,415.094,2,Loyal active high-frequency customers
Darrin Van Huff,2014-12-12,2011-01-21,37,22749,616.325,298,0.249,6,3,19,0.027,614.838,0,Loyal active high-frequency customers
Dave Brooks,2014-12-23,2011-03-01,34,25550,3652.361,255,0.168,6,3,8,0.143,751.471,0,Loyal active high-frequency customers
Dave Hallsten,2014-10-17,2011-02-01,35,16191,1681.868,270,0.094,6,3,75,0.104,462.6,0,Loyal active high-frequency customers
Dave Kipp,2014-12-23,2011-03-15,39,19456,4080.564,214,0.114,6,3,8,0.21,498.872,0,Loyal active high-frequency customers
Dave Poirier,2014-12-25,2011-01-07,31,25901,4600.132,247,0.153,6,3,6,0.178,835.516,0,Loyal active high-frequency customers
David Bremer,2014-12-26,2011-09-30,20,6275,-2270.697,116,0.207,6,3,5,-0.362,313.75,3,Loss-making / discount-sensitive customers
David Flashing,2014-12-22,2011-01-11,22,11540,363.072,169,0.217,6,3,9,0.031,524.545,1,Loyal active high-frequency customers
David Kendrick,2014-12-21,2011-02-01,36,17559,2179.138,206,0.126,6,3,10,0.124,487.75,2,Loyal active high-frequency customers
David Philippe,2014-12-24,2011-01-30,31,23730,834.531,260,0.187,6,3,7,0.035,765.484,0,Loyal active high-frequency customers
David Smith,2014-12-17,2011-04-25,33,13634,1713.414,219,0.103,6,3,14,0.126,413.152,2,Loyal active high-frequency customers
David Wiener,2014-12-25,2011-01-19,30,10930,1739.098,187,0.133,6,3,6,0.159,364.333,1,Loyal active high-frequency customers
Dean Braden,2014-12-24,2011-02-03,34,14132,1425.808,250,0.203,6,3,7,0.101,415.647,2,Loyal active high-frequency customers
Dean Katz,2014-12-30,2011-03-14,37,10652,1007.098,202,0.117,6,3,1,0.095,287.892,2,Loyal active high-frequency customers
Dean percer,2014-12-13,2011-05-26,35,22833,3959.164,260,0.085,7,3,18,0.173,652.371,0,Loyal active high-frequency customers
Deanra Eno,2014-12-12,2011-06-23,30,12799,1735.497,179,0.076,6,3,19,0.136,426.633,1,Loyal active high-frequency customers
Deborah Brumfield,2014-12-22,2011-02-05,27,12578,1640.239,193,0.159,6,3,9,0.13,465.852,1,Loyal active high-frequency customers
Debra Catini,2014-12-13,2011-04-28,27,16972,865.334,213,0.111,6,3,18,0.051,628.593,0,Loyal active high-frequency customers
Deirdre Greer,2014-12-17,2011-07-09,34,16715,2374.318,240,0.13,6,3,14,0.142,491.618,2,Loyal active high-frequency customers
Delfina Latchford,2014-12-13,2011-01-17,33,20252,2798.536,304,0.116,6,3,18,0.138,613.697,0,Loyal active high-frequency customers
Denise Leinenbach,2014-12-19,2011-03-14,37,17936,2747.492,281,0.096,7,3,12,0.153,484.757,0,Loyal active high-frequency customers
Denise Monton,2014-12-29,2011-08-24,33,22051,-2597.803,240,0.196,6,3,2,-0.118,668.212,3,Loss-making / discount-sensitive customers
Dennis Bolton,2014-11-14,2011-01-27,30,10610,1922.717,196,0.116,5,3,47,0.181,353.667,1,Loyal active high-frequency customers
Dennis Kane,2014-12-27,2011-02-27,36,20103,2965.508,287,0.076,7,3,4,0.148,558.417,0,Loyal active high-frequency customers
Dennis Pardue,2014-12-31,2011-01-03,33,11661,2688.189,170,0.081,7,3,0,0.231,353.364,1,Loyal active high-frequency customers
Denny Blanton,2014-12-03,2011-05-22,28,16634,1958.556,199,0.116,5,3,28,0.118,594.071,1,Loyal active high-frequency customers
Denny Joy,2014-12-30,2011-03-21,32,22561,3255.396,232,0.126,6,3,1,0.144,705.031,0,Loyal active high-frequency customers
Denny Ordway,2014-11-25,2011-06-23,42,18797,4137.635,252,0.116,6,3,36,0.22,447.548,0,Loyal active high-frequency customers
Dianna Arnett,2014-12-18,2011-04-04,29,15248,-297.831,241,0.171,6,3,13,-0.02,525.793,3,Loss-making / discount-sensitive customers
Dianna Vittorini,2014-12-18,2011-01-11,25,16951,3342.723,218,0.053,6,3,13,0.197,678.04,0,Loyal active high-frequency customers
Dianna Wilson,2014-11-06,2011-04-02,35,23456,5029.089,312,0.096,7,3,55,0.214,670.171,0,Loyal active high-frequency customers
Dionis Lloyd,2014-12-09,2011-06-29,32,16648,1560.868,206,0.146,6,3,22,0.094,520.25,2,Loyal active high-frequency customers
Don Jones,2014-12-25,2011-01-15,38,21395,4310.462,276,0.073,7,3,6,0.201,563.026,0,Loyal active high-frequency customers
Don Miller,2014-11-26,2011-07-05,25,11836,-273.416,196,0.144,7,3,35,-0.023,473.44,3,Loss-making / discount-sensitive customers
Don Weiss,2014-12-19,2011-03-28,24,14384,425.709,212,0.215,7,3,12,0.03,599.333,2,Loyal active high-frequency customers
Dorothy Badders,2014-12-26,2011-04-21,25,10384,1242.277,177,0.161,6,3,5,0.12,415.36,1,Loyal active high-frequency customers
Dorothy Dickinson,2014-11-20,2011-01-03,32,11071,1399.651,234,0.115,6,3,41,0.126,345.969,2,Loyal active high-frequency customers
Dorothy Wardle,2014-12-26,2011-06-02,41,12606,870.557,289,0.137,6,3,5,0.069,307.463,2,Loyal active high-frequency customers
Dorris liebe,2014-12-26,2011-03-16,30,14720,1851.706,162,0.194,6,3,5,0.126,490.667,1,Loyal active high-frequency customers
Doug Bickford,2014-12-04,2011-07-18,32,12855,2967.68,209,0.116,6,3,27,0.231,401.719,1,Loyal active high-frequency customers
Doug Jacobs,2014-12-19,2011-09-15,33,13852,2675.754,198,0.129,6,3,12,0.193,419.758,2,Loyal active high-frequency customers
Doug O'Connell,2014-12-05,2011-05-24,30,13772,1816.735,222,0.162,7,3,26,0.132,459.067,2,Loyal active high-frequency customers
Duane Benoit,2014-12-19,2011-02-07,23,13604,1417.798,147,0.18,6,3,12,0.104,591.478,1,Loyal active high-frequency customers
Duane Huffman,2014-12-11,2011-04-13,29,12477,2151.144,177,0.13,7,3,20,0.172,430.241,1,Loyal active high-frequency customers
Duane Noonan,2014-12-19,2011-02-02,29,14915,233.542,187,0.162,7,3,12,0.016,514.31,2,Loyal active high-frequency customers
Ed Braxton,2014-11-13,2011-01-09,33,15525,1488.608,230,0.134,6,3,48,0.096,470.455,2,Loyal active high-frequency customers
Ed Jacobs,2014-11-12,2011-01-28,30,10699,1209.948,143,0.149,6,3,49,0.113,356.633,1,Loyal active high-frequency customers
Ed Ludwig,2014-12-05,2011-03-01,34,14209,1155.539,260,0.099,6,3,26,0.081,417.912,2,Loyal active high-frequency customers
Edward Becker,2014-11-29,2011-02-08,26,9428,1487.154,188,0.148,6,3,32,0.158,362.615,1,Loyal active high-frequency customers
Edward Hooks,2014-12-29,2011-01-17,38,21272,671.193,307,0.181,6,3,2,0.032,559.789,0,Loyal active high-frequency customers
Edward Nazzal,2014-12-17,2011-03-18,28,7072,237.699,147,0.203,6,3,14,0.034,252.571,1,Loyal active high-frequency customers
Eileen Kiefer,2014-11-17,2011-03-18,23,7124,765.478,127,0.141,6,3,44,0.107,309.739,1,Loyal active high-frequency customers
Eleni McCrary,2014-11-03,2011-06-08,29,14584,1897.37,166,0.126,6,3,58,0.13,502.897,1,Loyal active high-frequency customers
Elizabeth Moffitt,2014-11-06,2011-08-10,32,14508,1988.072,194,0.14,7,3,55,0.137,453.375,2,Loyal active high-frequency customers
Ellis Ballard,2014-12-29,2011-02-02,31,21986,5848.748,174,0.091,7,3,2,0.266,709.226,0,Loyal active high-frequency customers
Elpida Rittenbach,2014-11-08,2011-01-10,26,17131,2585.718,187,0.113,6,3,53,0.151,658.885,1,Loyal active high-frequency customers
Emily Burns,2014-12-16,2011-04-02,24,7037,20.558,108,0.248,6,3,15,0.003,293.208,1,Loyal active high-frequency customers
Emily Ducich,2014-12-16,2011-02-17,39,18549,2572.446,259,0.161,7,3,15,0.139,475.615,2,Loyal active high-frequency customers
Emily Grady,2014-12-09,2011-02-25,32,23114,2604.237,226,0.146,6,3,22,0.113,722.312,0,Loyal active high-frequency customers
Emily Phan,2014-12-19,2011-05-21,36,16770,2103.965,254,0.156,6,3,12,0.125,465.833,2,Loyal active high-frequency customers
Eric Barreto,2014-12-24,2011-02-03,27,11967,2091.742,150,0.118,6,3,7,0.175,443.222,1,Loyal active high-frequency customers
Eric Hoffmann,2014-11-04,2011-04-21,36,10351,2250.055,229,0.124,7,3,57,0.217,287.528,2,Loyal active high-frequency customers
Eric Murdock,2014-12-29,2011-01-11,45,28085,3306.015,392,0.153,7,3,2,0.118,624.111,0,Loyal active high-frequency customers
Erica Bern,2014-12-31,2011-06-07,41,16119,3030.734,250,0.152,6,3,0,0.188,393.146,2,Loyal active high-frequency customers
Erica Hackney,2014-11-28,2011-01-16,32,9481,1556.92,171,0.135,6,3,33,0.164,296.281,1,Loyal active high-frequency customers
Erica Hernandez,2014-12-29,2011-02-09,35,13008,794.651,199,0.118,6,3,2,0.061,371.657,2,Loyal active high-frequency customers
Erica Smith,2014-12-31,2011-05-19,39,14719,3127.376,220,0.138,7,3,0,0.212,377.41,2,Loyal active high-frequency customers
Erin Ashbrook,2014-09-29,2011-02-21,34,11521,868.06,246,0.195,5,3,93,0.075,338.853,2,Loyal active high-frequency customers
Erin Creighton,2014-11-08,2011-04-11,26,6731,831.773,177,0.189,6,3,53,0.124,258.885,1,Loyal active high-frequency customers
Erin Mull,2014-12-15,2011-07-22,26,15321,3939.46,216,0.103,7,3,16,0.257,589.269,0,Loyal active high-frequency customers
Erin Smith,2014-12-03,2011-02-02,33,18160,2175.292,232,0.144,6,3,28,0.12,550.303,0,Loyal active high-frequency customers
Eudokia Martin,2014-12-23,2011-04-29,26,13723,1764.784,191,0.129,7,3,8,0.129,527.808,1,Loyal active high-frequency customers
Eugene Barchas,2014-12-11,2011-03-14,34,16085,2893.664,196,0.216,6,3,20,0.18,473.088,2,Loyal active high-frequency customers
Eugene Hildebrand,2014-12-09,2011-05-13,44,22424,1660.331,287,0.175,6,3,22,0.074,509.636,0,Loyal active high-frequency customers
Eugene Moren,2014-12-07,2011-01-01,36,23411,3624.252,346,0.165,6,3,24,0.155,650.306,0,Loyal active high-frequency customers
Eva Jacobs,2014-12-09,2011-03-03,28,14957,2794.569,174,0.112,6,3,22,0.187,534.179,1,Loyal active high-frequency customers
Evan Bailliet,2014-12-12,2011-04-20,29,8006,565.623,176,0.131,6,3,19,0.071,276.069,1,Loyal active high-frequency customers
Evan Henry,2014-10-25,2011-02-02,37,16377,2281.511,193,0.145,6,3,67,0.139,442.622,2,Loyal active high-frequency customers
Evan Minnotte,2014-11-20,2011-05-04,27,19672,3647.456,232,0.094,6,3,41,0.185,728.593,0,Loyal active high-frequency customers
Filia McAdams,2014-12-24,2011-01-25,37,17287,1394.025,237,0.139,6,3,7,0.081,467.216,2,Loyal active high-frequency customers
Frank Atkinson,2014-12-09,2011-05-25,35,14350,1496.194,229,0.229,6,3,22,0.104,410.0,2,Loyal active high-frequency customers
Frank Carlisle,2014-11-19,2011-04-20,29,12410,2780.791,177,0.095,6,3,42,0.224,427.931,1,Loyal active high-frequency customers
Frank Gastineau,2014-11-27,2011-05-21,27,9704,1034.112,156,0.149,7,3,34,0.107,359.407,1,Loyal active high-frequency customers
Frank Hawley,2014-12-27,2011-03-02,28,13686,3547.576,160,0.099,6,3,4,0.259,488.786,1,Loyal active high-frequency customers
Frank Merwin,2014-12-29,2011-08-26,38,16388,2601.291,272,0.155,6,3,2,0.159,431.263,2,Loyal active high-frequency customers
Frank Olsen,2014-12-09,2011-01-25,47,17775,3023.75,296,0.133,6,3,22,0.17,378.191,2,Loyal active high-frequency customers
Frank Preis,2014-12-08,2011-06-29,34,10760,937.194,211,0.195,6,3,23,0.087,316.471,2,Loyal active high-frequency customers
Fred Chung,2014-09-15,2011-03-15,27,9323,1496.696,156,0.113,6,3,107,0.161,345.296,1,Loyal active high-frequency customers
Fred Harton,2014-12-30,2011-09-16,23,10766,2888.035,138,0.086,6,3,1,0.268,468.087,1,Loyal active high-frequency customers
Fred Hopkins,2014-12-30,2011-05-30,39,30404,4609.291,290,0.141,6,3,1,0.152,779.59,0,Loyal active high-frequency customers
Fred McMath,2014-12-30,2011-02-25,27,7441,1015.512,142,0.23,6,3,1,0.136,275.593,1,Loyal active high-frequency customers
Fred Wasserman,2014-12-31,2011-04-25,34,18194,1683.79,234,0.156,6,3,0,0.093,535.118,2,Loyal active high-frequency customers
Gary Hansen,2014-12-11,2011-04-22,45,15269,613.805,270,0.142,6,3,20,0.04,339.311,2,Loyal active high-frequency customers
Gary Hwang,2014-12-13,2011-01-25,41,24629,3908.115,377,0.138,7,3,18,0.159,600.707,0,Loyal active high-frequency customers
Gary McGarr,2014-12-30,2011-03-21,34,16518,1665.014,189,0.135,6,3,1,0.101,485.824,2,Loyal active high-frequency customers
Gary Mitchum,2014-12-15,2011-04-11,21,11011,2872.106,148,0.145,6,3,16,0.261,524.333,1,Loyal active high-frequency customers
Gary Zandusky,2014-12-24,2011-02-15,43,24700,3742.439,255,0.118,7,3,7,0.152,574.419,0,Loyal active high-frequency customers
Gene Hale,2014-11-10,2011-02-01,25,15488,2295.952,208,0.103,6,3,51,0.148,619.52,1,Loyal active high-frequency customers
Gene McClure,2014-09-18,2011-07-23,28,11003,1553.252,175,0.099,6,3,104,0.141,392.964,1,Loyal active high-frequency customers
George Ashbrook,2014-12-09,2011-05-02,31,13806,792.344,216,0.145,6,3,22,0.057,445.355,2,Loyal active high-frequency customers
George Bell,2014-11-28,2011-02-07,30,12183,656.29,185,0.146,7,3,33,0.054,406.1,2,Loyal active high-frequency customers
George Zrebassa,2014-12-01,2011-06-29,30,15294,4105.598,200,0.121,7,3,30,0.268,509.8,0,Loyal active high-frequency customers
Georgia Rosenberg,2014-11-12,2011-03-08,30,13850,496.28,212,0.186,6,3,49,0.036,461.667,2,Loyal active high-frequency customers
Giulietta Baptist,2014-12-18,2011-12-08,30,12570,1633.266,234,0.122,6,3,13,0.13,419.0,2,Loyal active high-frequency customers
Giulietta Dortch,2014-12-26,2011-02-02,33,18705,1888.15,218,0.172,6,3,5,0.101,566.818,0,Loyal active high-frequency customers
Giulietta Weimer,2014-12-17,2011-03-01,33,18071,1199.059,215,0.149,6,3,14,0.066,547.606,2,Loyal active high-frequency customers
Grace Kelly,2014-12-19,2011-01-06,28,19982,3495.293,236,0.173,6,3,12,0.175,713.643,0,Loyal active high-frequency customers
Grant Thornton,2014-12-22,2011-01-04,27,20226,-3577.923,182,0.185,6,3,9,-0.177,749.111,3,Loss-making / discount-sensitive customers
Greg Guthrie,2014-11-28,2011-01-10,33,13901,1523.523,279,0.097,6,3,33,0.11,421.242,2,Loyal active high-frequency customers
Greg Hansen,2014-12-30,2011-01-24,38,13997,1584.67,240,0.21,7,3,1,0.113,368.342,2,Loyal active high-frequency customers
Greg Matthias,2014-12-30,2011-01-13,37,13600,-1337.92,235,0.205,6,3,1,-0.098,367.568,3,Loss-making / discount-sensitive customers
Greg Maxwell,2014-11-14,2011-04-05,26,15355,-11.359,203,0.137,6,3,47,-0.001,590.577,3,Loss-making / discount-sensitive customers
Greg Tran,2014-12-23,2011-03-08,34,35552,5214.131,310,0.141,6,3,8,0.147,1045.647,0,Loyal active high-frequency customers
Guy Armstrong,2014-12-29,2011-02-12,28,10285,771.977,208,0.179,5,3,2,0.075,367.321,1,Loyal active high-frequency customers
Guy Phonely,2014-12-30,2011-04-06,33,15403,1250.11,256,0.15,6,3,1,0.081,466.758,2,Loyal active high-frequency customers
Guy Thornton,2014-12-31,2011-03-30,31,9061,784.179,195,0.106,7,3,0,0.087,292.29,2,Loyal active high-frequency customers
Hallie Redmond,2014-12-18,2011-02-09,26,15680,1705.272,206,0.11,7,3,13,0.109,603.077,0,Loyal active high-frequency customers
Harold Dahlen,2014-11-19,2011-05-11,36,20070,2631.192,249,0.191,6,3,42,0.131,557.5,0,Loyal active high-frequency customers
Harold Engle,2014-12-25,2011-01-30,35,10993,1710.438,240,0.123,6,3,6,0.156,314.086,2,Loyal active high-frequency customers
Harold Pawlan,2014-12-01,2011-03-25,29,8517,880.221,157,0.152,6,3,30,0.103,293.69,1,Loyal active high-frequency customers
Harold Ryan,2014-11-10,2011-09-15,24,10034,1456.036,130,0.152,6,3,51,0.145,418.083,1,Loyal active high-frequency customers
Harry Greene,2014-12-19,2011-04-29,39,24217,-291.492,343,0.119,6,3,12,-0.012,620.949,3,Loss-making / discount-sensitive customers
Harry Marie,2014-12-30,2011-01-07,41,28477,6958.286,313,0.159,6,3,1,0.244,694.561,0,Loyal active high-frequency customers
Heather Jas,2014-12-26,2011-04-29,38,15435,2618.261,227,0.077,6,3,5,0.17,406.184,2,Loyal active high-frequency customers
Heather Kirkland,2014-11-18,2011-01-26,33,15541,2494.93,204,0.122,7,3,43,0.161,470.939,2,Loyal active high-frequency customers
Helen Abelman,2014-12-18,2011-06-30,28,16930,-761.694,234,0.229,6,3,13,-0.045,604.643,3,Loss-making / discount-sensitive customers
Helen Andreada,2014-12-11,2011-02-14,31,10414,1561.159,209,0.134,6,3,20,0.15,335.935,1,Loyal active high-frequency customers
Helen Wasserman,2014-11-27,2011-09-23,35,18372,2555.113,235,0.093,6,3,34,0.139,524.914,0,Loyal active high-frequency customers
Henia Zydlo,2014-11-26,2011-01-08,28,12487,741.483,174,0.194,6,3,35,0.059,445.964,1,Loyal active high-frequency customers
Henry Goldwyn,2014-12-08,2011-09-20,39,17168,-1597.511,271,0.148,7,3,23,-0.093,440.205,3,Loss-making / discount-sensitive customers
Henry MacAllister,2014-12-06,2011-08-15,34,17128,2673.339,222,0.106,6,3,25,0.156,503.765,0,Loyal active high-frequency customers
Herbert Flentye,2014-12-17,2011-01-28,36,11813,-653.128,241,0.172,6,3,14,-0.055,328.139,3,Loss-making / discount-sensitive customers
Hilary Holden,2014-11-07,2011-07-07,27,15229,2432.324,242,0.059,6,3,54,0.16,564.037,0,Loyal active high-frequency customers
Hunter Glantz,2014-12-25,2011-01-26,36,16214,1532.916,244,0.131,6,3,6,0.095,450.389,2,Loyal active high-frequency customers
Hunter Lopez,2014-12-01,2011-01-21,24,30246,7816.568,207,0.118,6,3,30,0.258,1260.25,0,Loyal active high-frequency customers
Ionia McGrath,2014-12-16,2011-01-24,22,9480,2447.98,129,0.105,6,3,15,0.258,430.909,1,Loyal active high-frequency customers
Irene Maddox,2014-11-21,2011-01-20,34,19919,-680.304,318,0.157,6,3,40,-0.034,585.853,3,Loss-making / discount-sensitive customers
Ivan Gibson,2014-12-30,2011-04-25,37,16151,1911.168,234,0.114,6,3,1,0.118,436.514,2,Loyal active high-frequency customers
Ivan Liston,2014-09-06,2011-06-09,32,12853,1181.073,221,0.166,6,3,116,0.092,401.656,2,Loyal active high-frequency customers
Jack Garza,2014-12-26,2011-01-03,28,15708,-922.261,206,0.181,6,3,5,-0.059,561.0,3,Loss-making / discount-sensitive customers
Jack Lebron,2014-12-23,2011-03-21,40,18673,1040.178,281,0.158,7,3,8,0.056,466.825,2,Loyal active high-frequency customers
Jack O'Briant,2014-12-26,2011-01-07,29,13348,3045.256,178,0.083,6,3,5,0.228,460.276,1,Loyal active high-frequency customers
James Galang,2014-12-30,2011-05-30,40,21554,4549.1,272,0.139,6,3,1,0.211,538.85,0,Loyal active high-frequency customers
James Lanier,2014-12-25,2011-01-13,32,14847,1701.171,174,0.13,6,3,6,0.115,463.969,2,Loyal active high-frequency customers
Jamie Frazer,2014-12-25,2011-03-26,36,20576,1722.605,275,0.155,6,3,6,0.084,571.556,0,Loyal active high-frequency customers
Jamie Kunitz,2014-10-31,2011-06-06,29,12533,2763.782,207,0.103,6,3,61,0.221,432.172,1,Loyal active high-frequency customers
Jane Waco,2014-12-19,2011-05-16,40,30288,6265.846,298,0.115,6,3,12,0.207,757.2,0,Loyal active high-frequency customers
Janet Lee,2014-12-30,2011-03-09,28,20479,4730.689,253,0.077,6,3,1,0.231,731.393,0,Loyal active high-frequency customers
Janet Martin,2014-12-25,2011-01-24,29,18017,1664.654,244,0.161,6,3,6,0.092,621.276,0,Loyal active high-frequency customers
Janet Molinari,2014-11-24,2011-03-18,33,16168,2780.094,302,0.104,6,3,37,0.172,489.939,0,Loyal active high-frequency customers
Jas O'Carroll,2014-12-17,2011-01-03,25,8819,1905.789,164,0.068,5,3,14,0.216,352.76,1,Loyal active high-frequency customers
Jason Fortune-,2014-11-05,2011-03-14,32,22817,2692.527,296,0.138,7,3,56,0.118,713.031,0,Loyal active high-frequency customers
Jason Gross,2014-12-29,2011-06-25,29,13570,2254.636,224,0.107,5,3,2,0.166,467.931,1,Loyal active high-frequency customers
Jason Klamczynski,2014-10-15,2011-01-22,31,17200,2022.387,236,0.106,5,3,77,0.118,554.839,0,Loyal active high-frequency customers
Jasper Cacioppo,2014-11-27,2011-01-04,35,18443,337.791,264,0.213,6,3,34,0.018,526.943,2,Loyal active high-frequency customers
Jay Fein,2014-12-18,2011-01-26,31,10818,-1874.675,215,0.244,6,3,13,-0.173,348.968,3,Loss-making / discount-sensitive customers
Jay Kimmel,2014-12-30,2011-04-11,33,13401,1550.048,247,0.12,6,3,1,0.116,406.091,2,Loyal active high-frequency customers
Jenna Caffey,2014-12-23,2011-10-29,34,16161,1304.562,242,0.147,6,3,8,0.081,475.324,2,Loyal active high-frequency customers
Jennifer Braxton,2014-12-24,2011-04-01,41,15258,2451.862,235,0.155,6,3,7,0.161,372.146,2,Loyal active high-frequency customers
Jennifer Ferguson,2014-12-29,2011-06-09,34,22947,2666.845,235,0.088,6,3,2,0.116,674.912,0,Loyal active high-frequency customers
Jennifer Halladay,2014-12-26,2011-01-05,40,12692,1590.694,249,0.128,7,3,5,0.125,317.3,2,Loyal active high-frequency customers
Jennifer Jackson,2014-12-12,2011-05-18,25,12191,1022.699,152,0.163,6,3,19,0.084,487.64,1,Loyal active high-frequency customers
Jennifer Patt,2014-11-25,2011-02-10,36,14212,2079.429,277,0.121,7,3,36,0.146,394.778,2,Loyal active high-frequency customers
Jeremy Ellison,2014-12-04,2011-02-15,30,6818,1318.172,141,0.172,6,3,27,0.193,227.267,1,Loyal active high-frequency customers
Jeremy Farry,2014-12-27,2011-03-01,37,10722,1200.103,178,0.088,6,3,4,0.112,289.784,2,Loyal active high-frequency customers
Jeremy Lonsdale,2014-12-01,2011-06-19,25,11362,1186.277,169,0.074,6,3,30,0.104,454.48,1,Loyal active high-frequency customers
Jeremy Pistek,2014-12-23,2011-08-12,30,18659,3170.16,266,0.114,7,3,8,0.17,621.967,0,Loyal active high-frequency customers
Jessica Myrick,2014-12-17,2011-04-25,25,7789,1358.926,168,0.155,6,3,14,0.174,311.56,1,Loyal active high-frequency customers
Jesus Ocampo,2014-12-19,2011-08-09,28,8209,582.757,175,0.147,6,3,12,0.071,293.179,1,Loyal active high-frequency customers
Jill Fjeld,2014-12-30,2011-06-16,35,23621,4877.685,274,0.128,6,3,1,0.206,674.886,0,Loyal active high-frequency customers
Jill Matthias,2014-12-31,2011-01-24,29,14181,1716.732,198,0.105,6,3,0,0.121,489.0,1,Loyal active high-frequency customers
Jill Stevenson,2014-12-26,2011-03-03,24,10142,-161.193,156,0.273,7,3,5,-0.016,422.583,3,Loss-making / discount-sensitive customers
Jim Epp,2014-11-19,2011-10-06,32,13952,1371.913,199,0.242,6,3,42,0.098,436.0,2,Loyal active high-frequency customers
Jim Karlsson,2014-12-30,2011-03-21,35,17121,3976.342,250,0.099,7,3,1,0.232,489.171,0,Loyal active high-frequency customers
Jim Kriz,2014-12-31,2011-09-19,30,13071,2754.276,157,0.121,6,3,0,0.211,435.7,1,Loyal active high-frequency customers
Jim Mitchum,2014-12-23,2011-02-24,42,19899,1798.534,275,0.127,7,3,8,0.09,473.786,0,Loyal active high-frequency customers
Jim Radford,2014-12-19,2011-02-18,26,15925,-760.417,143,0.086,6,3,12,-0.048,612.5,3,Loss-making / discount-sensitive customers
Jim Sink,2014-11-21,2011-06-07,31,16281,2350.486,255,0.117,6,3,40,0.144,525.194,0,Loyal active high-frequency customers
Jocasta Rupert,2014-12-24,2011-01-10,24,11242,932.528,129,0.165,6,3,7,0.083,468.417,1,Loyal active high-frequency customers
Joe Elijah,2014-12-22,2011-01-08,43,22452,3620.888,319,0.188,6,3,9,0.161,522.14,0,Loyal active high-frequency customers
Joe Kamberova,2014-11-13,2011-03-08,40,26689,4373.5,330,0.128,6,3,48,0.164,667.225,0,Loyal active high-frequency customers
Joel Eaton,2014-11-29,2011-06-22,42,21905,1528.781,276,0.138,6,3,32,0.07,521.548,0,Loyal active high-frequency customers
Joel Jenkins,2014-12-29,2011-08-24,34,19993,1848.986,264,0.131,6,3,2,0.092,588.029,0,Loyal active high-frequency customers
John Castell,2014-12-30,2011-09-14,30,12298,1858.386,178,0.133,6,3,1,0.151,409.933,1,Loyal active high-frequency customers
John Dryer,2014-12-16,2011-06-03,29,11591,-1198.713,173,0.225,6,3,15,-0.103,399.69,3,Loss-making / discount-sensitive customers
John Grady,2014-12-31,2011-04-05,40,22219,3280.78,370,0.12,6,3,0,0.148,555.475,0,Loyal active high-frequency customers
John Huston,2014-12-18,2011-02-10,38,25947,5395.824,289,0.113,6,3,13,0.208,682.816,0,Loyal active high-frequency customers
John Lee,2014-12-10,2011-03-04,37,25979,2393.002,295,0.117,6,3,21,0.092,702.135,0,Loyal active high-frequency customers
John Lucas,2014-11-17,2011-02-21,26,10503,354.247,169,0.214,6,3,44,0.034,403.962,1,Loyal active high-frequency customers
John Murray,2014-10-24,2011-10-07,35,22386,2318.115,292,0.124,7,3,68,0.104,639.6,0,Loyal active high-frequency customers
John Stevenson,2014-12-20,2011-04-08,26,12189,491.397,169,0.163,6,3,11,0.04,468.808,1,Loyal active high-frequency customers
Jonathan Doherty,2014-12-29,2011-03-26,38,19481,1726.791,325,0.096,7,3,2,0.089,512.658,0,Loyal active high-frequency customers
Jonathan Howell,2014-11-21,2011-04-08,40,16544,705.06,270,0.1,7,3,40,0.043,413.6,2,Loyal active high-frequency customers
Joni Blumstein,2014-12-22,2011-09-16,27,13339,1130.506,205,0.143,6,3,9,0.085,494.037,1,Loyal active high-frequency customers
Joni Sundaresam,2014-12-26,2011-01-24,28,6809,11.973,145,0.258,7,3,5,0.002,243.179,3,Loss-making / discount-sensitive customers
Joni Wasserman,2014-12-26,2011-06-14,32,10949,657.107,226,0.19,6,3,5,0.06,342.156,2,Loyal active high-frequency customers
Joseph Airdo,2014-12-31,2011-06-21,32,18169,842.33,254,0.174,6,3,0,0.046,567.781,2,Loyal active high-frequency customers
Joseph Holt,2014-12-20,2011-01-01,45,20939,386.678,317,0.129,6,3,11,0.018,465.311,0,Loyal active high-frequency customers
Joy Bell-,2014-12-30,2011-03-30,39,24011,2867.923,325,0.136,6,3,1,0.119,615.667,0,Loyal active high-frequency customers
Joy Daniels,2014-11-19,2011-06-10,32,11346,-604.41,221,0.224,6,3,42,-0.053,354.562,3,Loss-making / discount-sensitive customers
Joy Smith,2014-12-10,2011-01-07,36,20793,-103.001,258,0.222,7,3,21,-0.005,577.583,3,Loss-making / discount-sensitive customers
Julia Barnett,2014-12-31,2011-02-08,34,17087,249.045,199,0.178,6,3,0,0.015,502.559,2,Loyal active high-frequency customers
Julia Dunbar,2014-10-27,2011-02-22,28,11228,564.903,142,0.148,6,3,65,0.05,401.0,1,Loyal active high-frequency customers
Julia West,2014-12-30,2011-03-22,29,20598,2950.016,224,0.114,6,3,1,0.143,710.276,0,Loyal active high-frequency customers
Juliana Krohn,2014-12-23,2011-06-18,38,23136,1798.247,287,0.157,7,3,8,0.078,608.842,0,Loyal active high-frequency customers
Julie Creighton,2014-11-04,2011-02-24,34,14996,-1889.106,228,0.184,6,3,57,-0.126,441.059,3,Loss-making / discount-sensitive customers
Julie Kriz,2014-09-25,2011-03-28,32,15648,1894.199,216,0.117,7,3,97,0.121,489.0,2,Loyal active high-frequency customers
Julie Prescott,2014-12-05,2011-06-21,42,14594,3479.04,241,0.057,6,3,26,0.238,347.476,2,Loyal active high-frequency customers
Justin Deggeller,2014-12-31,2011-06-23,34,23618,2625.319,248,0.059,6,3,0,0.111,694.647,0,Loyal active high-frequency customers
Justin Ellison,2014-12-11,2011-10-19,28,12910,2928.304,178,0.134,6,3,20,0.227,461.071,1,Loyal active high-frequency customers
Justin Hirsh,2014-12-04,2011-03-29,40,23918,3994.664,283,0.109,7,3,27,0.167,597.95,0,Loyal active high-frequency customers
Justin MacKendrick,2014-12-19,2011-02-06,33,9027,1519.795,170,0.105,6,3,12,0.168,273.545,1,Loyal active high-frequency customers
Justin Ritter,2014-12-13,2011-10-13,27,13625,2884.286,184,0.119,7,3,18,0.212,504.63,1,Loyal active high-frequency customers
Kalyca Meade,2014-12-31,2011-03-08,21,8643,369.532,172,0.123,6,3,0,0.043,411.571,1,Loyal active high-frequency customers
Karen Bern,2014-12-27,2011-03-31,34,11846,2319.071,174,0.098,6,3,4,0.196,348.412,1,Loyal active high-frequency customers
Karen Carlisle,2014-11-17,2011-05-19,35,10416,1979.5,198,0.231,6,3,44,0.19,297.6,2,Loyal active high-frequency customers
Karen Daniels,2014-11-25,2011-09-20,30,24018,2890.695,246,0.133,5,3,36,0.12,800.6,0,Loyal active high-frequency customers
Karen Ferguson,2014-11-29,2011-09-26,30,18267,2385.193,209,0.12,6,3,32,0.131,608.9,0,Loyal active high-frequency customers
Karen Seio,2014-11-26,2011-03-11,25,5325,1113.682,147,0.077,6,3,35,0.209,213.0,1,Loyal active high-frequency customers
Karl Braun,2014-12-29,2011-06-05,40,17494,1785.863,291,0.181,6,3,2,0.102,437.35,2,Loyal active high-frequency customers
Katharine Harms,2014-12-15,2011-04-01,39,18414,3611.026,221,0.114,6,3,16,0.196,472.154,0,Loyal active high-frequency customers
Katherine Ducich,2014-11-20,2011-03-10,21,11696,2428.831,141,0.047,6,3,41,0.208,556.952,1,Loyal active high-frequency customers
Katherine Hughes,2014-12-30,2011-03-01,35,12210,1842.388,225,0.108,6,3,1,0.151,348.857,2,Loyal active high-frequency customers
Katherine Murray,2014-12-29,2011-05-19,33,18522,1451.084,254,0.148,7,3,2,0.078,561.273,0,Loyal active high-frequency customers
Katherine Nockton,2014-12-12,2011-10-26,32,19669,4145.193,209,0.142,6,3,19,0.211,614.656,0,Loyal active high-frequency customers
Katrina Bavinger,2014-12-12,2011-02-14,31,14027,618.236,247,0.245,5,3,19,0.044,452.484,2,Loyal active high-frequency customers
Katrina Edelman,2014-12-05,2011-04-03,35,13553,1286.547,257,0.197,6,3,26,0.095,387.229,2,Loyal active high-frequency customers
Katrina Willman,2014-12-05,2011-02-17,27,15747,3107.011,193,0.16,5,3,26,0.197,583.222,1,Loyal active high-frequency customers
Kean Nguyen,2014-11-24,2011-01-03,34,18064,2257.216,240,0.177,6,3,37,0.125,531.294,2,Loyal active high-frequency customers
Kean Takahito,2014-11-18,2011-03-23,39,17257,987.593,312,0.199,7,3,43,0.057,442.487,2,Loyal active high-frequency customers
Kean Thornton,2014-12-04,2011-03-10,27,8362,-617.919,123,0.209,6,3,27,-0.074,309.704,3,Loss-making / discount-sensitive customers
Keith Dawkins,2014-11-15,2011-06-14,40,26451,5486.172,253,0.086,6,3,46,0.207,661.275,0,Loyal active high-frequency customers
Keith Herrera,2014-12-16,2011-06-29,33,16890,2196.833,281,0.071,6,3,15,0.13,511.818,0,Loyal active high-frequency customers
Kelly Andreada,2014-12-15,2011-03-11,42,18876,1401.398,301,0.091,6,3,16,0.074,449.429,0,Loyal active high-frequency customers
Kelly Collister,2014-11-28,2011-06-15,32,19401,2358.103,196,0.149,6,3,33,0.122,606.281,0,Loyal active high-frequency customers
Kelly Lampkin,2014-12-16,2011-05-09,33,14248,738.748,279,0.217,6,3,15,0.052,431.758,2,Loyal active high-frequency customers
Kelly Williams,2014-12-09,2011-02-08,40,11833,2371.146,234,0.14,6,3,22,0.2,295.825,2,Loyal active high-frequency customers
Ken Black,2014-09-29,2011-04-04,29,16602,1351.023,266,0.134,5,3,93,0.081,572.483,0,Loyal active high-frequency customers
Ken Brennan,2014-12-30,2011-05-18,36,11465,1046.245,178,0.134,7,3,1,0.091,318.472,2,Loyal active high-frequency customers
Ken Dana,2014-10-17,2011-10-20,27,12553,1750.726,224,0.182,5,3,75,0.139,464.926,1,Loyal active high-frequency customers
Ken Heidel,2014-12-23,2011-02-02,32,9021,1505.973,204,0.17,6,3,8,0.167,281.906,1,Loyal active high-frequency customers
Ken Lonsdale,2014-12-31,2011-01-03,33,24127,154.9,269,0.204,6,3,0,0.006,731.121,0,Loyal active high-frequency customers
Khloe Miller,2014-12-16,2011-01-06,32,10973,847.898,216,0.167,6,3,15,0.077,342.906,2,Loyal active high-frequency customers
Kimberly Carter,2014-12-29,2011-09-07,26,13923,2144.963,212,0.092,6,3,2,0.154,535.5,1,Loyal active high-frequency customers
Kristen Hastings,2014-12-29,2011-03-21,46,19856,2370.574,309,0.15,7,3,2,0.119,431.652,2,Loyal active high-frequency customers
Kristina Nunn,2014-09-24,2011-03-02,24,10715,1698.509,148,0.133,6,3,98,0.159,446.458,1,Loyal active high-frequency customers
Kunst Miller,2014-12-03,2011-03-30,26,16968,2759.19,251,0.139,5,3,28,0.163,652.615,0,Loyal active high-frequency customers
Larry Blacks,2014-12-22,2011-01-03,36,14583,1664.492,221,0.139,7,3,9,0.114,405.083,2,Loyal active high-frequency customers
Larry Hughes,2014-12-19,2011-07-23,27,8693,641.202,179,0.216,6,3,12,0.074,321.963,1,Loyal active high-frequency customers
Larry Tron,2014-12-25,2011-01-23,34,18619,4213.653,189,0.057,7,3,6,0.226,547.618,0,Loyal active high-frequency customers
Laura Armstrong,2014-12-30,2011-02-17,46,27864,3962.31,323,0.096,6,3,1,0.142,605.739,0,Loyal active high-frequency customers
Laurel Beltran,2014-11-22,2011-02-14,39,26387,4303.238,316,0.188,6,3,39,0.163,676.59,0,Loyal active high-frequency customers
Laurel Elliston,2014-12-17,2011-04-19,30,11477,2025.029,199,0.118,5,3,14,0.176,382.567,1,Loyal active high-frequency customers
Laurel Workman,2014-12-09,2011-03-24,31,10873,1148.805,181,0.098,6,3,22,0.106,350.742,1,Loyal active high-frequency customers
Lauren Leatherbury,2014-12-05,2011-04-29,35,14939,894.94,220,0.083,6,3,26,0.06,426.829,2,Loyal active high-frequency customers
Lela Donovan,2014-11-19,2011-05-12,38,16181,1486.739,260,0.171,6,3,42,0.092,425.816,2,Loyal active high-frequency customers
Lena Cacioppo,2014-12-08,2011-02-26,29,11078,1176.768,241,0.171,6,3,23,0.106,382.0,2,Loyal active high-frequency customers
Lena Creighton,2014-12-15,2011-01-24,38,18889,1172.511,248,0.155,7,3,16,0.062,497.079,2,Loyal active high-frequency customers
Lena Hernandez,2014-12-10,2011-05-13,32,12941,997.39,229,0.171,6,3,21,0.077,404.406,2,Loyal active high-frequency customers
Lena Radford,2014-12-05,2011-03-25,29,22903,3371.716,224,0.175,6,3,26,0.147,789.759,0,Loyal active high-frequency customers
Linda Cazamias,2014-11-20,2011-02-21,35,16738,2273.424,211,0.116,6,3,41,0.136,478.229,2,Loyal active high-frequency customers
Linda Southworth,2014-12-25,2011-04-26,32,13145,-67.852,201,0.244,7,3,6,-0.005,410.781,3,Loss-making / discount-sensitive customers
Lindsay Castell,2014-12-29,2011-04-26,30,14301,1420.714,179,0.228,6,3,2,0.099,476.7,2,Loyal active high-frequency customers
Lindsay Shagiari,2014-12-11,2011-06-17,27,9366,1778.072,192,0.169,7,3,20,0.19,346.889,1,Loyal active high-frequency customers
Lindsay Williams,2014-12-17,2011-01-03,34,10982,1486.926,179,0.161,6,3,14,0.135,323.0,2,Loyal active high-frequency customers
Lisa DeCherney,2014-11-18,2011-02-11,33,11824,1165.438,181,0.171,7,3,43,0.099,358.303,2,Loyal active high-frequency customers
Lisa Hazard,2014-11-20,2011-05-27,21,9164,1338.079,182,0.151,6,3,41,0.146,436.381,1,Loyal active high-frequency customers
Lisa Ryan,2014-11-16,2011-03-28,35,18799,2449.138,243,0.11,6,3,45,0.13,537.114,0,Loyal active high-frequency customers
Liz Carlisle,2014-12-27,2011-02-01,30,20127,2847.61,214,0.143,6,3,4,0.141,670.9,0,Loyal active high-frequency customers
Liz MacKendrick,2014-12-24,2011-02-21,22,15531,1868.151,205,0.072,6,3,7,0.12,705.955,1,Loyal active high-frequency customers
Liz Pelletier,2014-11-21,2011-01-27,31,9465,-265.577,197,0.158,6,3,40,-0.028,305.323,3,Loss-making / discount-sensitive customers
Liz Preis,2014-12-31,2011-04-04,30,16611,2122.698,239,0.128,7,3,0,0.128,553.7,0,Loyal active high-frequency customers
Liz Thompson,2014-11-27,2011-02-07,32,21217,3146.428,288,0.141,6,3,34,0.148,663.031,0,Loyal active high-frequency customers
Liz Willingham,2014-11-28,2011-04-07,25,8045,1400.041,126,0.126,6,3,33,0.174,321.8,1,Loyal active high-frequency customers
Logan Currie,2014-12-18,2011-07-27,36,16082,1925.287,257,0.128,7,3,13,0.12,446.722,2,Loyal active high-frequency customers
Logan Haushalter,2014-10-17,2011-03-01,37,17288,1519.531,233,0.173,7,3,75,0.088,467.243,2,Loyal active high-frequency customers
Lori Olson,2014-12-29,2011-02-02,35,13541,1788.72,232,0.211,6,3,2,0.132,386.886,2,Loyal active high-frequency customers
Luke Foster,2014-12-09,2011-07-26,27,13422,-3644.348,246,0.234,6,3,22,-0.272,497.111,3,Loss-making / discount-sensitive customers
Luke Schmidt,2014-12-16,2011-01-31,28,15599,1653.968,208,0.164,5,3,15,0.106,557.107,1,Loyal active high-frequency customers
Luke Weiss,2014-12-10,2011-01-25,29,12051,849.383,193,0.136,7,3,21,0.07,415.552,2,Loyal active high-frequency customers
Lycoris Saunders,2014-12-27,2011-01-07,34,11739,1377.405,223,0.2,6,3,4,0.117,345.265,2,Loyal active high-frequency customers
Lynn Smith,2014-11-27,2011-04-01,30,11713,1498.131,201,0.107,6,3,34,0.128,390.433,1,Loyal active high-frequency customers
Magdelene Morse,2014-12-27,2011-01-02,31,21226,4380.725,225,0.074,7,3,4,0.206,684.71,0,Loyal active high-frequency customers
Marc Crier,2014-11-17,2011-06-10,39,15988,2113.482,212,0.127,6,3,44,0.132,409.949,2,Loyal active high-frequency customers
Marc Harrigan,2014-11-24,2011-01-22,28,15401,2316.013,255,0.074,5,3,37,0.15,550.036,0,Loyal active high-frequency customers
Maria Bertelson,2014-12-30,2011-08-08,35,21607,4622.347,208,0.126,6,3,1,0.214,617.343,0,Loyal active high-frequency customers
Maria Etezadi,2014-12-26,2011-01-07,40,26252,3418.558,296,0.131,6,3,5,0.13,656.3,0,Loyal active high-frequency customers
Maria Zettner,2014-12-10,2011-04-15,31,17960,2254.503,179,0.114,6,3,21,0.126,579.355,0,Loyal active high-frequency customers
Maribeth Dona,2014-12-05,2011-05-31,36,17829,1230.633,252,0.166,7,3,26,0.069,495.25,2,Loyal active high-frequency customers
Maribeth Schnelling,2014-12-26,2011-01-07,39,21681,3529.342,280,0.109,6,3,5,0.163,555.923,0,Loyal active high-frequency customers
Maribeth Yedwab,2014-12-02,2011-05-05,32,16472,3559.507,207,0.213,6,3,29,0.216,514.75,2,Loyal active high-frequency customers
Marina Lichtenstein,2014-12-31,2011-02-15,32,15555,1284.233,205,0.09,6,3,0,0.083,486.094,2,Loyal active high-frequency customers
Maris LaWare,2014-11-28,2011-11-01,33,15175,1154.143,193,0.175,5,3,33,0.076,459.848,2,Loyal active high-frequency customers
Mark Cousins,2014-12-08,2011-03-21,35,16548,2851.258,268,0.198,6,3,23,0.172,472.8,2,Loyal active high-frequency customers
Mark Haberlin,2014-12-23,2011-02-05,33,11304,1552.008,216,0.069,7,3,8,0.137,342.545,2,Loyal active high-frequency customers
Mark Hamilton,2014-11-07,2011-03-11,37,14724,527.047,203,0.142,6,3,54,0.036,397.946,2,Loyal active high-frequency customers
Mark Packer,2014-12-26,2011-03-30,30,12987,2172.978,214,0.133,5,3,5,0.167,432.9,1,Loyal active high-frequency customers
Mark Van Huff,2014-12-15,2011-01-21,32,11518,1810.639,181,0.143,6,3,16,0.157,359.938,1,Loyal active high-frequency customers
Mary O'Rourke,2014-11-25,2011-02-10,29,11126,519.009,187,0.182,6,3,36,0.047,383.655,1,Loyal active high-frequency customers
Mary Zewe,2014-12-08,2011-03-02,34,16577,1883.042,269,0.172,7,3,23,0.114,487.559,2,Loyal active high-frequency customers
MaryBeth Skach,2014-12-16,2011-06-24,33,14790,1987.379,187,0.194,6,3,15,0.134,448.182,2,Loyal active high-frequency customers
Mathew Reese,2014-09-25,2011-07-28,29,21575,3711.231,267,0.046,6,3,97,0.172,743.966,0,Loyal active high-frequency customers
Matt Abelman,2014-10-28,2011-01-19,28,12447,519.903,255,0.192,6,3,64,0.042,444.536,2,Loyal active high-frequency customers
Matt Collins,2014-12-22,2011-08-15,41,17897,1749.347,277,0.168,6,3,9,0.098,436.512,2,Loyal active high-frequency customers
Matt Collister,2014-11-10,2011-04-27,28,11674,1907.189,194,0.089,6,3,51,0.163,416.929,1,Loyal active high-frequency customers
Matt Connell,2014-11-12,2011-03-19,28,13230,1366.968,198,0.12,6,3,49,0.103,472.5,1,Loyal active high-frequency customers
Matt Hagelstein,2014-12-08,2011-02-16,27,12217,274.891,174,0.181,7,3,23,0.023,452.481,2,Loyal active high-frequency customers
Matthew Clasen,2014-12-26,2011-03-25,38,21805,3643.289,288,0.068,6,3,5,0.167,573.816,0,Loyal active high-frequency customers
Matthew Grinstein,2014-12-12,2011-08-09,22,13017,2205.322,199,0.068,5,3,19,0.169,591.682,1,Loyal active high-frequency customers
Maureen Fritzler,2014-11-13,2011-03-11,32,13529,1420.886,199,0.136,6,3,48,0.105,422.781,2,Loyal active high-frequency customers
Maureen Gastineau,2014-11-25,2011-07-18,37,20363,741.193,279,0.251,6,3,36,0.036,550.351,2,Loyal active high-frequency customers
Maureen Gnade,2014-12-31,2011-03-07,32,18326,845.698,293,0.194,6,3,0,0.046,572.688,0,Loyal active high-frequency customers
Maurice Satty,2014-12-02,2011-03-08,34,10031,1152.743,194,0.124,6,3,29,0.115,295.029,1,Loyal active high-frequency customers
Max Engle,2014-12-20,2011-04-06,39,9924,673.261,224,0.133,7,3,11,0.068,254.462,2,Loyal active high-frequency customers
Max Jones,2014-12-10,2011-04-27,30,16486,2437.63,193,0.222,6,3,21,0.148,549.533,2,Loyal active high-frequency customers
Max Ludwig,2014-12-30,2011-02-03,35,15534,1837.762,216,0.113,7,3,1,0.118,443.829,2,Loyal active high-frequency customers
Maxwell Schwartz,2014-11-27,2011-05-18,42,17928,2851.785,259,0.124,6,3,34,0.159,426.857,2,Loyal active high-frequency customers
Maya Herman,2014-12-31,2011-01-04,35,13592,1470.529,220,0.081,6,3,0,0.108,388.343,2,Loyal active high-frequency customers
Meg O'Connel,2014-12-25,2011-02-10,34,18003,3104.086,230,0.104,6,3,6,0.172,529.5,0,Loyal active high-frequency customers
Meg Tillman,2014-11-12,2011-03-29,33,15346,793.415,197,0.151,6,3,49,0.052,465.03,2,Loyal active high-frequency customers
Melanie Seite,2014-12-27,2011-01-10,34,16104,2060.285,231,0.178,6,3,4,0.128,473.647,2,Loyal active high-frequency customers
Michael Chen,2014-12-30,2011-07-05,35,15939,1213.005,185,0.139,6,3,1,0.076,455.4,2,Loyal active high-frequency customers
Michael Dominguez,2014-11-25,2011-01-18,33,22427,3772.4,250,0.119,5,3,36,0.168,679.606,0,Loyal active high-frequency customers
Michael Grace,2014-12-26,2011-02-24,34,14532,-117.611,211,0.162,5,3,5,-0.008,427.412,3,Loss-making / discount-sensitive customers
Michael Granlund,2014-12-26,2011-01-05,30,13185,-999.78,226,0.234,5,3,5,-0.076,439.5,3,Loss-making / discount-sensitive customers
Michael Kennedy,2014-12-10,2011-01-19,42,14447,-210.64,292,0.23,7,3,21,-0.015,343.976,3,Loss-making / discount-sensitive customers
Michael Moore,2014-12-24,2011-01-14,39,21730,2058.909,271,0.115,6,3,7,0.095,557.179,0,Loyal active high-frequency customers
Michael Nguyen,2014-12-23,2011-02-17,27,15047,1392.171,212,0.229,6,3,8,0.093,557.296,2,Loyal active high-frequency customers
Michael Oakman,2014-12-25,2011-08-17,17,5464,286.259,79,0.134,6,3,6,0.052,321.412,1,Loyal active high-frequency customers
Michael Paige,2014-12-04,2011-01-22,47,17796,1632.695,314,0.186,6,3,27,0.092,378.638,2,Loyal active high-frequency customers
Michael Stewart,2014-12-25,2011-03-21,32,17869,1247.346,259,0.168,6,3,6,0.07,558.406,0,Loyal active high-frequency customers
Michelle Arnett,2014-12-15,2011-01-20,33,11933,1102.676,199,0.12,7,3,16,0.092,361.606,2,Loyal active high-frequency customers
Michelle Ellison,2014-11-19,2011-02-10,28,10708,655.218,148,0.101,5,3,42,0.061,382.429,1,Loyal active high-frequency customers
Michelle Huthwaite,2014-12-17,2011-05-13,28,12851,861.184,191,0.131,7,3,14,0.067,458.964,2,Loyal active high-frequency customers
Michelle Lonsdale,2014-12-24,2011-02-18,26,10367,1962.839,149,0.117,7,3,7,0.189,398.731,1,Loyal active high-frequency customers
Michelle Moray,2014-12-16,2011-03-11,33,13089,1262.783,210,0.167,6,3,15,0.096,396.636,2,Loyal active high-frequency customers
Michelle Tran,2014-08-26,2011-06-07,31,17779,-1788.044,253,0.21,6,3,127,-0.101,573.516,3,Loss-making / discount-sensitive customers
Mick Brown,2014-12-20,2011-01-06,38,16451,2595.964,226,0.163,6,3,11,0.158,432.921,2,Loyal active high-frequency customers
Mick Crebagga,2014-11-20,2011-01-15,36,12014,336.15,228,0.142,5,3,41,0.028,333.722,2,Loyal active high-frequency customers
Mick Hernandez,2014-12-26,2011-08-06,33,13275,1488.189,220,0.135,6,3,5,0.112,402.273,2,Loyal active high-frequency customers
Mike Caudle,2014-11-10,2011-06-01,28,9355,796.632,214,0.095,6,3,51,0.085,334.107,1,Loyal active high-frequency customers
Mike Gockenbach,2014-12-29,2011-03-29,27,23378,6458.676,185,0.199,6,3,2,0.276,865.852,0,Loyal active high-frequency customers
Mike Kennedy,2014-12-09,2011-02-25,30,12741,758.597,278,0.167,7,3,22,0.06,424.7,2,Loyal active high-frequency customers
Mike Pelletier,2014-12-15,2011-03-28,42,24216,532.6,276,0.15,6,3,16,0.022,576.571,0,Loyal active high-frequency customers
Mike Vittorini,2014-12-24,2011-01-31,38,19572,1360.04,223,0.13,6,3,7,0.069,515.053,0,Loyal active high-frequency customers
Mitch Gastineau,2014-12-30,2011-02-23,36,18010,1822.435,218,0.12,7,3,1,0.101,500.278,2,Loyal active high-frequency customers
Mitch Webber,2014-12-14,2011-01-24,36,23070,4086.54,273,0.168,6,3,17,0.177,640.833,0,Loyal active high-frequency customers
Mitch Willingham,2014-12-31,2011-03-03,30,19008,145.513,217,0.172,6,3,0,0.008,633.6,0,Loyal active high-frequency customers
Monica Federle,2014-12-24,2011-06-01,38,21944,2573.34,295,0.101,6,3,7,0.117,577.474,0,Loyal active high-frequency customers
Muhammed Lee,2014-12-23,2011-06-06,35,15851,2314.364,236,0.084,6,3,8,0.146,452.886,2,Loyal active high-frequency customers
Muhammed MacIntyre,2014-12-19,2011-01-21,35,10720,2166.467,187,0.101,6,3,12,0.202,306.286,1,Loyal active high-frequency customers
Muhammed Yedwab,2014-12-31,2011-01-14,39,29644,2642.654,351,0.155,6,3,0,0.089,760.103,0,Loyal active high-frequency customers
Nancy Lomonaco,2014-12-06,2011-04-18,27,10840,-566.929,162,0.169,6,3,25,-0.052,401.481,3,Loss-making / discount-sensitive customers
Naresj Patel,2014-12-30,2011-03-07,33,13118,1804.326,211,0.117,7,3,1,0.138,397.515,2,Loyal active high-frequency customers
Nat Carroll,2014-12-26,2011-01-26,31,16613,-460.877,246,0.092,7,3,5,-0.028,535.903,3,Loss-making / discount-sensitive customers
Nat Gilpin,2014-11-13,2011-01-03,28,12015,2806.443,186,0.074,7,3,48,0.234,429.107,1,Loyal active high-frequency customers
Natalie DeCherney,2014-12-19,2011-01-14,29,13709,2620.281,223,0.11,6,3,12,0.191,472.724,1,Loyal active high-frequency customers
Natalie Fritzler,2014-12-30,2011-02-12,43,31778,1542.821,325,0.179,7,3,1,0.049,739.023,0,Loyal active high-frequency customers
Natalie Webber,2014-09-05,2011-02-07,33,22374,3821.538,258,0.186,7,3,117,0.171,678.0,0,Loyal active high-frequency customers
Nathan Cano,2014-11-22,2011-05-03,24,10759,-724.987,148,0.192,6,3,39,-0.067,448.292,3,Loss-making / discount-sensitive customers
Nathan Gelder,2014-12-13,2011-03-31,36,22721,4211.225,243,0.087,7,3,18,0.185,631.139,0,Loyal active high-frequency customers
Nathan Mautz,2014-12-01,2011-01-26,41,24278,5789.117,253,0.062,7,3,30,0.238,592.146,0,Loyal active high-frequency customers
Neil Ducich,2014-12-26,2011-02-07,32,14780,3168.854,195,0.101,7,3,5,0.214,461.875,2,Loyal active high-frequency customers
Neil Französisch,2014-12-25,2011-03-14,29,12649,2920.057,186,0.137,7,3,6,0.231,436.172,1,Loyal active high-frequency customers
Neil Knudson,2014-12-05,2011-06-07,28,13875,3040.533,222,0.087,5,3,26,0.219,495.536,1,Loyal active high-frequency customers
Neola Schneider,2014-12-25,2011-01-27,30,15801,-687.444,292,0.225,6,3,6,-0.044,526.7,3,Loss-making / discount-sensitive customers
Neoma Murray,2014-12-12,2011-03-11,28,13872,3142.699,240,0.142,5,3,19,0.227,495.429,1,Loyal active high-frequency customers
Nick Crebassa,2014-12-25,2011-04-05,29,12302,1335.378,149,0.193,6,3,6,0.109,424.207,1,Loyal active high-frequency customers
Nick Radford,2014-12-29,2011-06-07,34,12891,1669.966,212,0.156,6,3,2,0.13,379.147,2,Loyal active high-frequency customers
Nick Zandusky,2014-10-07,2011-06-01,30,20271,2091.276,235,0.097,5,3,85,0.103,675.7,0,Loyal active high-frequency customers
Nicole Brennan,2013-10-29,2011-06-27,17,5935,-691.428,93,0.279,7,3,428,-0.117,349.118,3,Loss-making / discount-sensitive customers
Nicole Fjeld,2014-12-20,2011-01-08,27,12268,1371.549,163,0.143,6,3,11,0.112,454.37,1,Loyal active high-frequency customers
Nicole Hansen,2014-12-26,2011-03-02,28,21304,4075.465,276,0.129,7,3,5,0.191,760.857,0,Loyal active high-frequency customers
Noah Childs,2014-12-11,2011-04-27,31,17346,2262.915,212,0.089,6,3,20,0.13,559.548,0,Loyal active high-frequency customers
Noel Staavos,2014-11-25,2011-06-25,45,16643,818.72,318,0.196,6,3,36,0.049,369.844,2,Loyal active high-frequency customers
Nona Balk,2014-12-12,2011-01-29,27,10082,1453.404,162,0.116,6,3,19,0.144,373.407,1,Loyal active high-frequency customers
Nora Paige,2014-11-03,2011-10-28,25,15714,3035.662,164,0.053,6,3,58,0.193,628.56,1,Loyal active high-frequency customers
Nora Pelletier,2014-12-17,2011-03-07,34,16358,1559.027,244,0.119,6,3,14,0.095,481.118,2,Loyal active high-frequency customers
Nora Preis,2014-12-03,2011-09-05,33,15921,375.551,247,0.209,6,3,28,0.024,482.455,2,Loyal active high-frequency customers
Odella Nelson,2014-11-14,2011-02-16,38,19273,2783.307,262,0.135,6,3,47,0.144,507.184,0,Loyal active high-frequency customers
Olvera Toch,2014-11-28,2011-09-22,36,19759,1831.001,262,0.143,6,3,33,0.093,548.861,0,Loyal active high-frequency customers
Pamela Coakley,2014-12-29,2011-04-02,26,11940,-420.103,159,0.164,6,3,2,-0.035,459.231,3,Loss-making / discount-sensitive customers
Pamela Stobb,2014-12-02,2011-05-10,33,17635,1293.111,252,0.182,6,3,29,0.073,534.394,2,Loyal active high-frequency customers
Parhena Norris,2014-12-16,2011-08-09,38,12893,2205.463,213,0.089,6,3,15,0.171,339.289,2,Loyal active high-frequency customers
Patricia Hirasaki,2014-11-04,2011-02-22,27,11182,2743.626,135,0.11,6,3,57,0.245,414.148,1,Loyal active high-frequency customers
Patrick Bzostek,2014-12-23,2011-07-19,28,14858,1743.079,210,0.152,7,3,8,0.117,530.643,2,Loyal active high-frequency customers
Patrick Gardner,2014-12-11,2011-01-19,41,16481,1975.189,262,0.126,6,3,20,0.12,401.976,2,Loyal active high-frequency customers
Patrick Jones,2014-11-22,2011-05-05,25,14442,4019.132,155,0.207,6,3,39,0.278,577.68,1,Loyal active high-frequency customers
Patrick O'Brill,2014-12-27,2011-01-26,45,26712,3778.364,370,0.141,6,3,4,0.141,593.6,0,Loyal active high-frequency customers
Patrick O'Donnell,2014-12-31,2011-01-10,41,24025,4618.119,275,0.122,7,3,0,0.192,585.976,0,Loyal active high-frequency customers
Patrick Ryan,2014-12-06,2011-04-15,34,14330,409.125,283,0.207,7,3,25,0.029,421.471,2,Loyal active high-frequency customers
Paul Gonzalez,2014-12-29,2011-02-22,34,15922,1620.18,337,0.1,6,3,2,0.102,468.294,0,Loyal active high-frequency customers
Paul Knutson,2014-09-24,2011-04-04,20,8232,-308.489,126,0.227,5,3,98,-0.037,411.6,3,Loss-making / discount-sensitive customers
Paul Lucas,2014-12-16,2011-02-10,23,15015,2006.505,173,0.127,6,3,15,0.134,652.826,1,Loyal active high-frequency customers
Paul MacIntyre,2014-12-10,2011-01-10,32,14346,1178.395,148,0.15,6,3,21,0.082,448.312,1,Loyal active high-frequency customers
Paul Prost,2014-12-17,2011-06-03,33,22247,2687.733,302,0.128,6,3,14,0.121,674.152,0,Loyal active high-frequency customers
Paul Stevenson,2014-12-04,2011-01-22,37,19620,1834.194,260,0.105,6,3,27,0.093,530.27,0,Loyal active high-frequency customers
Paul Van Hugh,2014-12-23,2011-07-12,34,18932,4055.569,243,0.11,6,3,8,0.214,556.824,0,Loyal active high-frequency customers
Pauline Chand,2014-12-10,2011-04-06,22,10633,833.331,169,0.129,6,3,21,0.078,483.318,1,Loyal active high-frequency customers
Pauline Johnson,2014-12-12,2011-04-07,30,15845,2102.493,222,0.25,6,3,19,0.133,528.167,2,Loyal active high-frequency customers
Pauline Webber,2014-12-24,2011-01-19,38,13888,1944.801,242,0.169,6,3,7,0.14,365.474,2,Loyal active high-frequency customers
Penelope Sewall,2014-12-11,2011-04-16,33,30083,4338.811,282,0.099,6,3,20,0.144,911.606,0,Loyal active high-frequency customers
Pete Armstrong,2014-12-08,2011-02-15,27,10395,1555.355,193,0.214,6,3,23,0.15,385.0,1,Loyal active high-frequency customers
Pete Kriz,2014-12-23,2011-06-25,32,18657,1664.578,251,0.178,6,3,8,0.089,583.031,0,Loyal active high-frequency customers
Pete Takahito,2014-12-29,2011-09-12,30,13054,609.7,184,0.158,6,3,2,0.047,435.133,2,Loyal active high-frequency customers
Peter Bühler,2014-12-31,2011-01-12,20,9897,1936.185,161,0.168,5,3,0,0.196,494.85,1,Loyal active high-frequency customers
Peter Fuller,2014-10-09,2011-03-16,38,29876,1063.291,280,0.137,7,3,83,0.036,786.211,0,Loyal active high-frequency customers
Peter McVee,2014-12-19,2011-03-11,28,11288,1018.638,149,0.097,6,3,12,0.09,403.143,1,Loyal active high-frequency customers
Philip Brown,2014-12-26,2011-06-24,43,11386,1271.849,240,0.181,6,3,5,0.112,264.791,2,Loyal active high-frequency customers
Philip Fox,2014-11-27,2011-01-11,43,18031,1908.879,249,0.117,6,3,34,0.106,419.326,2,Loyal active high-frequency customers
Philisse Overcash,2014-12-02,2011-02-10,33,17984,2175.79,231,0.133,7,3,29,0.121,544.97,0,Loyal active high-frequency customers
Phillina Ober,2014-11-28,2011-01-05,29,19099,-1026.102,259,0.229,7,3,33,-0.054,658.586,3,Loss-making / discount-sensitive customers
Phillip Breyer,2014-12-23,2011-04-26,34,24269,1403.958,319,0.234,6,3,8,0.058,713.794,0,Loyal active high-frequency customers
Phillip Flathmann,2014-12-29,2011-08-05,37,13392,940.856,219,0.173,6,3,2,0.07,361.946,2,Loyal active high-frequency customers
Pierre Wener,2014-12-30,2011-03-04,31,8422,1942.299,189,0.137,6,3,1,0.231,271.677,1,Loyal active high-frequency customers
Quincy Jones,2014-12-06,2011-02-10,28,18585,2243.193,213,0.177,6,3,25,0.121,663.75,0,Loyal active high-frequency customers
Rachel Payne,2014-12-24,2011-03-31,32,14998,1902.722,242,0.174,6,3,7,0.127,468.688,2,Loyal active high-frequency customers
Ralph Arnett,2014-12-26,2011-03-28,38,23044,2613.075,263,0.164,7,3,5,0.113,606.421,0,Loyal active high-frequency customers
Ralph Kennedy,2014-12-03,2011-03-21,30,13998,-1555.789,208,0.156,6,3,28,-0.111,466.6,3,Loss-making / discount-sensitive customers
Ralph Ritter,2014-12-12,2011-02-01,25,13584,2838.983,143,0.094,6,3,19,0.209,543.36,1,Loyal active high-frequency customers
Randy Bradley,2014-12-16,2011-01-20,40,22898,4151.352,299,0.087,6,3,15,0.181,572.45,0,Loyal active high-frequency customers
Randy Ferguson,2014-12-25,2011-03-01,32,16598,3093.955,232,0.098,7,3,6,0.186,518.688,0,Loyal active high-frequency customers
Raymond Buch,2014-12-11,2011-06-04,29,29601,8453.05,262,0.085,6,3,20,0.286,1020.724,0,Loyal active high-frequency customers
Raymond Messe,2014-12-22,2011-04-25,32,18317,1855.403,210,0.09,6,3,9,0.101,572.406,0,Loyal active high-frequency customers
Resi Pölking,2014-12-16,2011-01-29,41,22053,1068.384,303,0.159,6,3,15,0.048,537.878,0,Loyal active high-frequency customers
Ricardo Emerson,2014-12-03,2011-03-15,27,14039,2643.68,181,0.086,6,3,28,0.188,519.963,1,Loyal active high-frequency customers
Ricardo Sperren,2014-11-28,2011-01-10,35,14432,1823.651,208,0.123,7,3,33,0.126,412.343,2,Loyal active high-frequency customers
Richard Bierner,2014-12-12,2011-01-18,34,14797,-1125.657,224,0.215,6,3,19,-0.076,435.206,3,Loss-making / discount-sensitive customers
Richard Eichhorn,2014-12-16,2011-06-03,30,16340,2391.412,208,0.119,6,3,15,0.146,544.667,0,Loyal active high-frequency customers
Rick Bensley,2014-12-31,2011-03-14,39,20854,4066.46,329,0.076,6,3,0,0.195,534.718,0,Loyal active high-frequency customers
Rick Duston,2014-12-31,2011-06-08,33,17546,3587.445,236,0.048,7,3,0,0.204,531.697,0,Loyal active high-frequency customers
Rick Hansen,2014-12-07,2011-05-02,31,16356,1850.89,230,0.153,6,3,24,0.113,527.613,2,Loyal active high-frequency customers
Rick Huthwaite,2014-12-11,2011-02-22,32,13438,1664.664,182,0.176,6,3,20,0.124,419.938,2,Loyal active high-frequency customers
Rick Reed,2014-12-31,2011-03-12,34,16382,-47.983,264,0.194,6,3,0,-0.003,481.824,3,Loss-making / discount-sensitive customers
Rick Wilson,2014-12-05,2011-02-22,32,25125,5177.429,265,0.147,6,3,26,0.206,785.156,0,Loyal active high-frequency customers
Ritsa Hightower,2014-12-24,2011-07-19,29,17695,2002.804,213,0.166,6,3,7,0.113,610.172,0,Loyal active high-frequency customers
Rob Beeghly,2014-12-11,2011-10-12,30,11549,1495.924,241,0.192,6,3,20,0.13,384.967,2,Loyal active high-frequency customers
Rob Dowd,2014-12-06,2011-04-02,38,21482,3919.97,301,0.066,6,3,25,0.182,565.316,0,Loyal active high-frequency customers
Rob Haberlin,2014-12-25,2011-06-02,29,7970,1222.372,144,0.118,7,3,6,0.153,274.828,1,Loyal active high-frequency customers
Rob Lucas,2014-09-02,2011-02-26,31,17289,2703.989,220,0.159,6,3,120,0.156,557.71,0,Loyal active high-frequency customers
Rob Williams,2014-10-15,2011-02-16,28,9988,2252.221,144,0.091,6,3,77,0.225,356.714,1,Loyal active high-frequency customers
Robert Barroso,2014-08-03,2011-08-23,25,6256,640.123,143,0.173,6,3,150,0.102,250.24,1,Loyal active high-frequency customers
Robert Dilbeck,2014-12-04,2011-01-06,30,16344,3965.873,187,0.136,7,3,27,0.243,544.8,0,Loyal active high-frequency customers
Robert Marley,2014-12-27,2011-11-02,27,12868,2542.242,162,0.093,7,3,4,0.198,476.593,1,Loyal active high-frequency customers
Robert Waldorf,2014-12-16,2011-06-03,33,12596,2137.002,214,0.12,6,3,15,0.17,381.697,2,Loyal active high-frequency customers
Roger Barcio,2014-12-15,2011-03-03,28,15304,2879.541,150,0.156,7,3,16,0.188,546.571,1,Loyal active high-frequency customers
Roger Demir,2014-12-10,2011-01-13,38,14738,3037.011,269,0.117,6,3,21,0.206,387.842,2,Loyal active high-frequency customers
Roland Fjeld,2014-12-30,2011-02-23,26,13090,1123.528,210,0.081,5,3,1,0.086,503.462,1,Loyal active high-frequency customers
Roland Murray,2014-12-15,2011-03-31,26,7403,1250.334,118,0.175,6,3,16,0.169,284.731,1,Loyal active high-frequency customers
Roland Schwarz,2014-11-25,2011-04-07,31,15108,3472.166,175,0.073,6,3,36,0.23,487.355,1,Loyal active high-frequency customers
Rose O'Brian,2014-12-27,2011-02-25,38,21912,868.882,291,0.134,6,3,4,0.04,576.632,0,Loyal active high-frequency customers
Ross Baird,2014-12-01,2011-01-15,40,19314,2350.53,310,0.117,6,3,30,0.122,482.85,0,Loyal active high-frequency customers
Ross DeVincentis,2014-12-17,2011-06-09,37,10302,1939.894,270,0.169,6,3,14,0.188,278.432,2,Loyal active high-frequency customers
Roy Collins,2014-09-04,2011-01-11,26,7956,737.746,172,0.114,5,3,118,0.093,306.0,1,Loyal active high-frequency customers
Roy Französisch,2014-12-25,2011-04-27,37,15652,2841.732,272,0.116,6,3,6,0.182,423.027,2,Loyal active high-frequency customers
Roy Phan,2014-12-10,2011-01-12,33,14610,138.854,254,0.194,6,3,21,0.01,442.727,2,Loyal active high-frequency customers
Roy Skaria,2014-12-12,2011-06-03,28,8121,1463.429,209,0.121,6,3,19,0.18,290.036,1,Loyal active high-frequency customers
Ruben Ausman,2014-11-18,2011-04-08,31,15939,3320.469,240,0.066,7,3,43,0.208,514.161,0,Loyal active high-frequency customers
Ruben Dartt,2014-11-29,2011-01-20,39,18320,3330.674,284,0.072,6,3,32,0.182,469.744,0,Loyal active high-frequency customers
Russell Applegate,2014-12-19,2011-01-04,29,21398,2164.198,267,0.159,6,3,12,0.101,737.862,0,Loyal active high-frequency customers
Russell D'Ascenzo,2014-12-03,2011-03-06,33,15819,1230.366,231,0.144,6,3,28,0.078,479.364,2,Loyal active high-frequency customers
Ryan Akin,2014-12-30,2011-01-27,32,13742,896.728,172,0.137,6,3,1,0.065,429.438,2,Loyal active high-frequency customers
Ryan Crowe,2014-12-09,2011-01-21,27,9539,2124.015,161,0.095,6,3,22,0.223,353.296,1,Loyal active high-frequency customers
Sally Hughsby,2014-12-06,2011-01-21,37,18951,1795.361,293,0.153,6,3,25,0.095,512.189,0,Loyal active high-frequency customers
Sally Knutson,2014-12-23,2011-06-30,26,13292,2975.514,231,0.102,6,3,8,0.224,511.231,1,Loyal active high-frequency customers
Sally Matthias,2014-09-18,2011-06-13,30,13063,1528.361,170,0.122,6,3,104,0.117,435.433,1,Loyal active high-frequency customers
Sam Craven,2014-12-23,2011-02-21,38,11056,1116.01,245,0.139,6,3,8,0.101,290.947,2,Loyal active high-frequency customers
Sam Zeldin,2014-12-18,2011-02-22,41,16361,2915.847,262,0.17,6,3,13,0.178,399.049,2,Loyal active high-frequency customers
Sample Company A,2014-11-21,2011-01-09,37,19129,18.425,309,0.18,6,3,40,0.001,517.0,2,Loyal active high-frequency customers
Sandra Flanagan,2014-11-03,2011-03-03,29,11259,1865.651,180,0.078,6,3,58,0.166,388.241,1,Loyal active high-frequency customers
Sandra Glassco,2014-12-28,2011-05-14,23,11853,2883.708,148,0.072,7,3,3,0.243,515.348,1,Loyal active high-frequency customers
Sanjit Chand,2014-10-17,2011-02-13,35,26524,8205.38,244,0.15,6,3,75,0.309,757.829,0,Loyal active high-frequency customers
Sanjit Engle,2014-12-22,2011-04-11,39,30143,6015.784,299,0.062,6,3,9,0.2,772.897,0,Loyal active high-frequency customers
Sanjit Jacobs,2014-11-29,2011-01-10,39,13521,1828.004,268,0.175,7,3,32,0.135,346.692,2,Loyal active high-frequency customers
Saphhira Shifley,2014-12-16,2011-03-09,39,23632,-612.328,326,0.137,7,3,15,-0.026,605.949,3,Loss-making / discount-sensitive customers
Sara Luxemburg,2014-12-02,2011-04-20,46,16827,1899.931,250,0.113,7,3,29,0.113,365.804,2,Loyal active high-frequency customers
Sarah Bern,2014-12-29,2011-06-06,20,14603,2366.96,158,0.169,6,3,2,0.162,730.15,1,Loyal active high-frequency customers
Sarah Brown,2014-10-18,2011-02-28,38,22300,1668.654,262,0.141,6,3,74,0.075,586.842,0,Loyal active high-frequency customers
Sarah Foster,2014-12-26,2011-01-31,36,15659,829.764,256,0.136,6,3,5,0.053,434.972,2,Loyal active high-frequency customers
Sarah Jordon,2014-12-03,2011-02-21,41,16070,2511.861,290,0.166,7,3,28,0.156,391.951,2,Loyal active high-frequency customers
Scot Coram,2014-12-15,2011-03-03,28,22129,3071.368,259,0.112,6,3,16,0.139,790.321,0,Loyal active high-frequency customers
Scot Wooten,2014-12-19,2011-04-14,30,15479,1948.36,209,0.14,6,3,12,0.126,515.967,2,Loyal active high-frequency customers
Scott Cohen,2014-12-31,2011-03-28,33,12537,1222.671,242,0.227,6,3,0,0.098,379.909,2,Loyal active high-frequency customers
Scott Williamson,2014-12-10,2011-02-07,38,17044,1044.187,255,0.193,7,3,21,0.061,448.526,2,Loyal active high-frequency customers
Sean Braxton,2014-11-20,2011-05-09,27,20514,-1896.979,208,0.231,5,3,41,-0.092,759.778,3,Loss-making / discount-sensitive customers
Sean Christensen,2014-12-15,2011-10-18,33,20907,462.279,257,0.233,6,3,16,0.022,633.545,0,Loyal active high-frequency customers
Sean Miller,2014-12-10,2011-03-18,28,35170,-409.706,169,0.19,6,3,21,-0.012,1256.071,3,Loss-making / discount-sensitive customers
Sean O'Donnell,2014-12-02,2011-04-22,31,16366,2407.044,204,0.089,6,3,29,0.147,527.935,0,Loyal active high-frequency customers
Sean Wendt,2014-12-19,2011-03-29,30,8168,1031.548,149,0.228,6,3,12,0.126,272.267,1,Loyal active high-frequency customers
Seth Vernon,2014-10-05,2011-01-12,36,23640,2222.754,317,0.157,6,3,87,0.094,656.667,0,Loyal active high-frequency customers
Shahid Collister,2014-12-01,2011-03-01,41,17678,1692.38,330,0.15,6,3,30,0.096,431.171,2,Loyal active high-frequency customers
Shahid Hopkins,2014-12-08,2011-01-06,37,12979,1059.233,223,0.178,7,3,23,0.082,350.784,2,Loyal active high-frequency customers
Shahid Shariari,2014-12-05,2011-05-30,37,18107,131.511,224,0.118,7,3,26,0.007,489.378,2,Loyal active high-frequency customers
Sharelle Roach,2014-12-23,2011-01-14,24,13005,-2551.188,206,0.226,7,3,8,-0.196,541.875,3,Loss-making / discount-sensitive customers
Shaun Chance,2014-12-22,2011-01-12,29,9610,357.019,185,0.254,6,3,9,0.037,331.379,2,Loyal active high-frequency customers
Shaun Weien,2014-12-24,2011-01-05,31,8247,1163.569,113,0.081,6,3,7,0.141,266.032,1,Loyal active high-frequency customers
Sheri Gordon,2014-10-02,2011-03-12,31,13818,2338.989,210,0.098,6,3,90,0.169,445.742,1,Loyal active high-frequency customers
Shirley Daniels,2014-12-16,2011-01-17,40,17959,3647.221,303,0.169,6,3,15,0.203,448.975,2,Loyal active high-frequency customers
Shirley Jackson,2014-07-09,2011-01-24,29,13385,1581.809,215,0.119,5,3,175,0.118,461.552,1,Loyal active high-frequency customers
Shirley Schmidt,2014-12-31,2011-07-14,22,7903,416.346,150,0.126,6,3,0,0.053,359.227,1,Loyal active high-frequency customers
Shui Tom,2014-12-25,2011-02-09,38,15006,2234.103,207,0.1,6,3,6,0.149,394.895,2,Loyal active high-frequency customers
Sibella Parks,2014-12-15,2011-08-17,24,7221,749.227,144,0.163,5,3,16,0.104,300.875,1,Loyal active high-frequency customers
Skye Norling,2014-12-18,2011-02-18,31,14225,-2637.98,232,0.2,7,3,13,-0.185,458.871,3,Loss-making / discount-sensitive customers
Sonia Cooley,2014-12-04,2011-05-21,35,10012,938.002,214,0.122,5,3,27,0.094,286.057,1,Loyal active high-frequency customers
Sonia Sunley,2014-12-26,2011-08-05,29,13118,2370.126,213,0.123,6,3,5,0.181,452.345,1,Loyal active high-frequency customers
Speros Goranitis,2014-10-17,2011-01-24,38,12948,1541.103,224,0.194,6,3,75,0.119,340.737,2,Loyal active high-frequency customers
Stefania Perrino,2014-12-26,2011-06-20,36,19418,17.041,285,0.167,6,3,5,0.001,539.389,2,Loyal active high-frequency customers
Stefanie Holloman,2014-12-01,2011-04-20,29,14205,1978.18,202,0.141,5,3,30,0.139,489.828,1,Loyal active high-frequency customers
Stephanie Phelps,2014-12-11,2011-02-01,30,11151,1682.806,170,0.221,6,3,20,0.151,371.7,1,Loyal active high-frequency customers
Stephanie Ulpright,2014-12-27,2011-06-07,29,10779,510.252,235,0.197,6,3,4,0.047,371.69,2,Loyal active high-frequency customers
Steve Carroll,2014-12-10,2011-01-11,35,19823,1708.793,258,0.109,6,3,21,0.086,566.371,0,Loyal active high-frequency customers
Steve Chapman,2014-12-22,2011-05-05,39,23401,2165.684,293,0.212,6,3,9,0.093,600.026,0,Loyal active high-frequency customers
Steve Nguyen,2014-11-17,2011-01-14,28,13404,2384.851,233,0.123,6,3,44,0.178,478.714,1,Loyal active high-frequency customers
Steven Cartwright,2014-12-24,2011-06-03,37,16918,2066.039,324,0.153,6,3,7,0.122,457.243,2,Loyal active high-frequency customers
Steven Roelle,2014-12-10,2011-02-21,37,19374,4387.358,218,0.078,6,3,21,0.226,523.622,0,Loyal active high-frequency customers
Steven Ward,2014-12-16,2011-06-02,38,25669,2794.732,383,0.098,7,3,15,0.109,675.5,0,Loyal active high-frequency customers
Stewart Carmichael,2014-11-21,2011-03-11,39,16529,318.088,308,0.18,7,3,40,0.019,423.821,2,Loyal active high-frequency customers
Stewart Visinsky,2014-12-10,2011-01-03,34,17232,2182.787,274,0.137,6,3,21,0.127,506.824,0,Loyal active high-frequency customers
Stuart Calhoun,2014-12-01,2011-01-13,26,11409,1276.354,168,0.184,6,3,30,0.112,438.808,1,Loyal active high-frequency customers
Stuart Van,2014-12-23,2011-06-22,33,22308,978.673,227,0.133,7,3,8,0.044,676.0,0,Loyal active high-frequency customers
Sue Ann Reed,2014-12-21,2011-01-25,40,16494,1354.703,227,0.159,7,3,10,0.082,412.35,2,Loyal active high-frequency customers
Sung Chung,2014-12-23,2011-06-07,28,11265,1696.699,184,0.191,6,3,8,0.151,402.321,1,Loyal active high-frequency customers
Sung Pak,2014-11-07,2011-02-11,28,13496,1750.681,168,0.206,5,3,54,0.13,482.0,1,Loyal active high-frequency customers
Sung Shariari,2014-12-17,2011-01-22,25,5331,-559.977,150,0.246,6,3,14,-0.105,213.24,3,Loss-making / discount-sensitive customers
Susan Gilcrest,2014-12-15,2011-03-30,28,12686,541.309,192,0.187,6,3,16,0.043,453.071,2,Loyal active high-frequency customers
Susan MacKendrick,2014-11-24,2011-02-07,22,8634,1528.275,133,0.076,6,3,37,0.177,392.455,1,Loyal active high-frequency customers
Susan Pistek,2014-12-25,2011-09-08,32,29020,6484.407,235,0.138,6,3,6,0.223,906.875,0,Loyal active high-frequency customers
Susan Vittorini,2014-12-31,2011-03-16,31,15689,668.479,229,0.235,5,3,0,0.043,506.097,2,Loyal active high-frequency customers
Suzanne McNair,2014-12-06,2011-01-20,38,12888,1170.858,212,0.112,6,3,25,0.091,339.158,2,Loyal active high-frequency customers
Sylvia Foulston,2014-11-13,2011-08-17,23,9257,1895.183,154,0.144,6,3,48,0.205,402.478,1,Loyal active high-frequency customers
Tamara Chand,2014-12-04,2011-05-06,36,37453,8672.899,271,0.185,6,3,27,0.232,1040.361,0,Loyal active high-frequency customers
Tamara Dahlen,2014-12-31,2011-05-19,28,7704,-948.123,184,0.217,7,3,0,-0.123,275.143,3,Loss-making / discount-sensitive customers
Tamara Manning,2014-10-28,2011-02-22,30,14461,1928.134,200,0.1,6,3,64,0.133,482.033,1,Loyal active high-frequency customers
Tamara Willingham,2014-12-12,2011-01-17,35,14256,3275.08,194,0.133,6,3,19,0.23,407.314,2,Loyal active high-frequency customers
Tanja Norvell,2014-12-09,2011-01-11,31,9595,-706.182,179,0.176,5,3,22,-0.074,309.516,3,Loss-making / discount-sensitive customers
Ted Butterfield,2014-11-26,2011-01-14,32,16030,1559.269,326,0.09,6,3,35,0.097,500.938,0,Loyal active high-frequency customers
Ted Trevino,2014-12-17,2011-04-26,33,17245,2320.359,229,0.125,5,3,14,0.135,522.576,0,Loyal active high-frequency customers
Thais Sissman,2014-11-20,2011-03-03,27,6787,1109.561,188,0.09,7,3,41,0.163,251.37,1,Loyal active high-frequency customers
Thea Hendricks,2014-12-25,2011-03-26,31,15541,1952.496,193,0.129,6,3,6,0.126,501.323,2,Loyal active high-frequency customers
Thea Hudgings,2014-11-18,2011-04-05,31,15353,2265.688,222,0.097,7,3,43,0.148,495.258,2,Loyal active high-frequency customers
Theone Pippenger,2014-12-29,2011-10-15,43,23965,2073.886,304,0.164,6,3,2,0.087,557.326,0,Loyal active high-frequency customers
Theresa Coyne,2014-12-20,2011-09-27,35,22219,3359.812,332,0.137,6,3,11,0.151,634.829,0,Loyal active high-frequency customers
Theresa Swint,2014-12-23,2011-02-03,27,7936,1134.022,195,0.109,6,3,8,0.143,293.926,1,Loyal active high-frequency customers
Thomas Boland,2014-11-22,2011-08-12,31,17427,2286.402,256,0.115,6,3,39,0.131,562.161,0,Loyal active high-frequency customers
Thomas Brumley,2014-11-12,2011-03-25,21,11805,2052.311,147,0.127,6,3,49,0.174,562.143,1,Loyal active high-frequency customers
Thomas Seio,2014-12-05,2011-01-12,35,14530,2349.549,218,0.094,6,3,26,0.162,415.143,2,Loyal active high-frequency customers
Thomas Thornton,2014-12-26,2011-06-20,31,15055,1661.207,234,0.179,6,3,5,0.11,485.645,2,Loyal active high-frequency customers
Tiffany House,2014-12-23,2011-01-10,36,16804,1656.287,196,0.183,6,3,8,0.099,466.778,2,Loyal active high-frequency customers
Tim Brockman,2014-12-30,2011-08-25,43,19103,3065.706,305,0.173,6,3,1,0.16,444.256,2,Loyal active high-frequency customers
Tim Taslimi,2014-12-30,2011-05-09,29,9780,1284.836,150,0.123,6,3,1,0.131,337.241,1,Loyal active high-frequency customers
Toby Braunhardt,2014-11-04,2011-01-01,35,11699,1247.461,212,0.127,7,3,57,0.107,334.257,2,Loyal active high-frequency customers
Toby Carlisle,2014-12-19,2011-02-14,34,20126,1497.477,238,0.117,7,3,12,0.074,591.941,0,Loyal active high-frequency customers
Toby Gnade,2014-12-17,2011-02-14,35,13021,2986.457,221,0.117,7,3,14,0.229,372.029,2,Loyal active high-frequency customers
Toby Ritter,2014-12-30,2011-01-20,26,12427,2436.905,205,0.058,6,3,1,0.196,477.962,1,Loyal active high-frequency customers
Toby Swindell,2014-12-23,2011-01-20,36,18632,2602.965,249,0.148,7,3,8,0.14,517.556,0,Loyal active high-frequency customers
Todd Boyes,2014-12-17,2011-06-07,28,9647,772.014,234,0.207,6,3,14,0.08,344.536,2,Loyal active high-frequency customers
Todd Sumrall,2014-12-13,2011-01-27,37,27775,5093.965,228,0.106,6,3,18,0.183,750.676,0,Loyal active high-frequency customers
Tom Ashbrook,2014-12-23,2011-06-28,30,40489,6311.979,284,0.09,6,3,8,0.156,1349.633,0,Loyal active high-frequency customers
Tom Boeckenhauer,2014-12-06,2011-01-22,35,24480,4196.35,283,0.154,6,3,25,0.171,699.429,0,Loyal active high-frequency customers
Tom Prescott,2014-11-13,2011-02-09,26,12874,346.187,175,0.189,6,3,48,0.027,495.154,1,Loyal active high-frequency customers
Tom Stivers,2014-12-12,2011-02-04,29,15345,2364.988,240,0.117,6,3,19,0.154,529.138,0,Loyal active high-frequency customers
Tom Zandusky,2014-12-23,2011-03-12,35,15348,367.491,222,0.143,6,3,8,0.024,438.514,2,Loyal active high-frequency customers
Tonja Turnell,2014-12-19,2011-03-10,40,20085,2230.789,283,0.146,6,3,12,0.111,502.125,0,Loyal active high-frequency customers
Tony Chapman,2014-12-30,2011-05-06,38,12633,1401.129,227,0.168,7,3,1,0.111,332.447,2,Loyal active high-frequency customers
Tony Molinari,2014-11-21,2011-04-02,35,15973,1500.971,232,0.114,6,3,40,0.094,456.371,2,Loyal active high-frequency customers
Tony Sayre,2014-12-20,2011-03-23,31,19734,2149.346,219,0.214,6,3,11,0.109,636.581,0,Loyal active high-frequency customers
Tracy Blumstein,2014-12-13,2011-05-07,45,20704,257.362,314,0.195,6,3,18,0.012,460.089,2,Loyal active high-frequency customers
Tracy Collins,2014-12-31,2011-09-08,34,11099,382.997,192,0.18,6,3,0,0.035,326.441,2,Loyal active high-frequency customers
Tracy Hopkins,2014-12-26,2011-02-25,31,13095,-733.748,189,0.166,7,3,5,-0.056,422.419,3,Loss-making / discount-sensitive customers
Tracy Poddar,2014-12-17,2011-02-15,35,13289,1795.66,253,0.126,6,3,14,0.135,379.686,2,Loyal active high-frequency customers
Tracy Zic,2014-11-26,2011-02-16,24,10860,-80.115,163,0.222,6,3,35,-0.007,452.5,3,Loss-making / discount-sensitive customers
Troy Blackwell,2014-12-03,2011-02-19,30,9187,1438.651,163,0.091,6,3,28,0.157,306.233,1,Loyal active high-frequency customers
Troy Staebel,2014-12-11,2011-01-31,35,22579,1719.568,313,0.137,6,3,20,0.076,645.114,0,Loyal active high-frequency customers
Trudy Brown,2014-12-01,2011-02-15,36,15078,1500.663,230,0.165,6,3,30,0.1,418.833,2,Loyal active high-frequency customers
Trudy Glocke,2014-12-26,2011-03-31,42,18883,3096.24,288,0.144,7,3,5,0.164,449.595,2,Loyal active high-frequency customers
Trudy Schmidt,2014-10-08,2011-08-25,30,9980,1025.62,182,0.125,6,3,84,0.103,332.667,1,Loyal active high-frequency customers
Valerie Dominguez,2014-12-31,2011-05-02,30,15987,2031.916,235,0.2,6,3,0,0.127,532.9,2,Loyal active high-frequency customers
Valerie Mitchum,2014-12-18,2011-03-25,38,14567,-1645.799,219,0.152,6,3,13,-0.113,383.342,3,Loss-making / discount-sensitive customers
Valerie Takahito,2014-12-24,2011-06-06,32,19368,1090.783,260,0.186,6,3,7,0.056,605.25,0,Loyal active high-frequency customers
Vicky Freymann,2014-12-18,2011-03-01,28,12600,26.113,179,0.133,6,3,13,0.002,450.0,1,Loyal active high-frequency customers
Victor Preis,2014-12-03,2011-06-09,33,12063,2232.796,199,0.168,6,3,28,0.185,365.545,2,Loyal active high-frequency customers
Victoria Brennan,2014-12-27,2011-06-27,25,10745,908.564,184,0.177,6,3,4,0.085,429.8,1,Loyal active high-frequency customers
Victoria Pisteka,2014-10-17,2011-04-01,31,18554,2390.863,226,0.123,6,3,75,0.129,598.516,0,Loyal active high-frequency customers
Victoria Wilson,2014-12-25,2011-05-11,35,17039,294.381,249,0.185,6,3,6,0.017,486.829,2,Loyal active high-frequency customers
Vivek Gonzalez,2014-09-12,2011-01-18,31,10296,-364.425,167,0.155,6,3,110,-0.035,332.129,3,Loss-making / discount-sensitive customers
Vivek Grady,2014-12-29,2011-06-16,27,23767,4046.906,209,0.086,6,3,2,0.17,880.259,0,Loyal active high-frequency customers
Vivek Sundaresam,2014-12-09,2011-01-08,22,11413,1586.619,143,0.165,6,3,22,0.139,518.773,1,Loyal active high-frequency customers
Vivian Mathis,2014-12-23,2011-01-17,23,3891,656.914,120,0.066,6,3,8,0.169,169.174,1,Loyal active high-frequency customers
William Brown,2014-12-11,2011-05-16,40,16886,2547.902,298,0.147,6,3,20,0.151,422.15,2,Loyal active high-frequency customers
Xylona Preis,2014-11-18,2011-01-21,30,12202,1304.723,213,0.085,6,3,43,0.107,406.733,1,Loyal active high-frequency customers
Yana Sorensen,2014-12-27,2011-03-03,32,20034,3450.406,215,0.071,6,3,4,0.172,626.062,0,Loyal active high-frequency customers
Yoseph Carroll,2014-12-27,2011-02-09,31,20165,4347.177,203,0.07,6,3,4,0.216,650.484,0,Loyal active high-frequency customers
Zuschuss Carroll,2014-12-28,2011-09-23,38,28485,436.936,334,0.221,5,3,3,0.015,749.605,0,Loyal active high-frequency customers
Zuschuss Donatelli,2014-12-30,2011-02-21,29,12434,201.737,174,0.116,6,3,1,0.016,428.759,1,Loyal active high-frequency customers
