item_1,item_2,item_3,orders_together,support
"Apple Audio Dock, Cordless","Avery Hole Reinforcements, Durable","Sanford Pens, Blue",2,0.00016
"Bush Corner Shelving, Traditional","SanDisk Keyboard, Programmable","SanDisk Mouse, Bluetooth",2,0.00016
"Acme Trimmer, Serrated","Harbour Creations Swivel Stool, Red","Memorex Mouse, Erganomic",2,0.00016
"Acme Trimmer, Serrated","Harbour Creations Swivel Stool, Red","Samsung Office Telephone, Full Size",2,0.00016
"Acme Trimmer, Serrated","Memorex Mouse, Erganomic","Samsung Office Telephone, Full Size",2,0.00016
"Harbour Creations Swivel Stool, Red","Memorex Mouse, Erganomic","Samsung Office Telephone, Full Size",2,0.00016
"Canon Copy Machine, Color","Hon Shipping Labels, Adjustable","Jiffy Peel and Seal, with clear poly window",2,0.00016
"Brother Copy Machine, Color","Fellowes Folders, Blue","Hamilton Beach Stove, Red",2,0.00016
"Brother Copy Machine, Color","Fellowes Folders, Blue","Hoover Microwave, White",2,0.00016
"Brother Copy Machine, Color","Fellowes Folders, Blue","Novimex Shipping Labels, Adjustable",2,0.00016
"Brother Copy Machine, Color","Fellowes Folders, Blue","Tenex Trays, Wire Frame",2,0.00016
"Brother Copy Machine, Color","Hamilton Beach Stove, Red","Hoover Microwave, White",2,0.00016
"Brother Copy Machine, Color","Hamilton Beach Stove, Red","Novimex Shipping Labels, Adjustable",2,0.00016
"Brother Copy Machine, Color","Hamilton Beach Stove, Red","Tenex Trays, Wire Frame",2,0.00016
"Brother Copy Machine, Color","Hoover Microwave, White","Novimex Shipping Labels, Adjustable",2,0.00016
"Brother Copy Machine, Color","Hoover Microwave, White","Tenex Trays, Wire Frame",2,0.00016
"Brother Copy Machine, Color","Novimex Shipping Labels, Adjustable","Tenex Trays, Wire Frame",2,0.00016
"Fellowes Folders, Blue","Hamilton Beach Stove, Red","Hoover Microwave, White",2,0.00016
"Fellowes Folders, Blue","Hamilton Beach Stove, Red","Novimex Shipping Labels, Adjustable",2,0.00016
"Fellowes Folders, Blue","Hamilton Beach Stove, Red","Tenex Trays, Wire Frame",2,0.00016
"Fellowes Folders, Blue","Hoover Microwave, White","Novimex Shipping Labels, Adjustable",2,0.00016
"Fellowes Folders, Blue","Hoover Microwave, White","Tenex Trays, Wire Frame",2,0.00016
"Fellowes Folders, Blue","Novimex Shipping Labels, Adjustable","Tenex Trays, Wire Frame",2,0.00016
"Hamilton Beach Stove, Red","Hoover Microwave, White","Novimex Shipping Labels, Adjustable",2,0.00016
"Hamilton Beach Stove, Red","Hoover Microwave, White","Tenex Trays, Wire Frame",2,0.00016
"Hamilton Beach Stove, Red","Novimex Shipping Labels, Adjustable","Tenex Trays, Wire Frame",2,0.00016
"Hoover Microwave, White","Novimex Shipping Labels, Adjustable","Tenex Trays, Wire Frame",2,0.00016
"Cardinal Binder, Clear","GlobeWeis Mailers, with clear poly window","Ikea 3-Shelf Cabinet, Mobile",2,0.00016
"Cardinal Binder, Clear","GlobeWeis Mailers, with clear poly window","Sanford Canvas, Water Color",2,0.00016
"Cardinal Binder, Clear","GlobeWeis Mailers, with clear poly window","Tenex Clock, Durable",2,0.00016
"Cardinal Binder, Clear","Ikea 3-Shelf Cabinet, Mobile","Sanford Canvas, Water Color",2,0.00016
"Cardinal Binder, Clear","Ikea 3-Shelf Cabinet, Mobile","Tenex Clock, Durable",2,0.00016
"Cardinal Binder, Clear","Sanford Canvas, Water Color","Tenex Clock, Durable",2,0.00016
"GlobeWeis Mailers, with clear poly window","Ikea 3-Shelf Cabinet, Mobile","Sanford Canvas, Water Color",2,0.00016
"GlobeWeis Mailers, with clear poly window","Ikea 3-Shelf Cabinet, Mobile","Tenex Clock, Durable",2,0.00016
"GlobeWeis Mailers, with clear poly window","Sanford Canvas, Water Color","Tenex Clock, Durable",2,0.00016
"Ikea 3-Shelf Cabinet, Mobile","Sanford Canvas, Water Color","Tenex Clock, Durable",2,0.00016
"Cardinal Index Tab, Clear","Jiffy Mailers, with clear poly window","Memorex Flash Drive, Bluetooth",2,0.00016
"Cardinal Index Tab, Clear","Jiffy Mailers, with clear poly window","Stiletto Trimmer, High Speed",2,0.00016
"Cardinal Index Tab, Clear","Memorex Flash Drive, Bluetooth","Stiletto Trimmer, High Speed",2,0.00016
"Jiffy Mailers, with clear poly window","Memorex Flash Drive, Bluetooth","Stiletto Trimmer, High Speed",2,0.00016
"Ames Mailers, Security-Tint","Dania Library with Doors, Pine","Ibico Hole Reinforcements, Economy",2,0.00016
"Ames Mailers, Security-Tint","Dania Library with Doors, Pine","Memorex Keyboard, Bluetooth",2,0.00016
"Ames Mailers, Security-Tint","Ibico Hole Reinforcements, Economy","Memorex Keyboard, Bluetooth",2,0.00016
"Dania Library with Doors, Pine","Ibico Hole Reinforcements, Economy","Memorex Keyboard, Bluetooth",2,0.00016
"Avery Legal Exhibit Labels, 5000 Label Set","Brother Copy Machine, High-Speed","Kraft Manila Envelope, Set of 50",2,0.00016
"Avery Index Tab, Clear","Harbour Creations Steel Folding Chair, Red","Office Star Bag Chairs, Adjustable",2,0.00016
"Accos Rubber Bands, Metal","Jiffy Mailers, Security-Tint","KitchenAid Refrigerator, White",2,0.00016
"Ames Clasp Envelope, Security-Tint","Cardinal Binding Machine, Economy","Green Bar Computer Printout Paper, Premium",2,0.00016
"Belkin Numeric Keypad, USB","Cuisinart Microwave, Black","Safco Stackable Bookrack, Traditional",2,0.00016
"Belkin Numeric Keypad, USB","Cuisinart Microwave, Black","Sauder Floating Shelf Set, Mobile",2,0.00016
"Belkin Numeric Keypad, USB","Cuisinart Microwave, Black","Smead Box, Single Width",2,0.00016
"Belkin Numeric Keypad, USB","Safco Stackable Bookrack, Traditional","Sauder Floating Shelf Set, Mobile",2,0.00016
"Belkin Numeric Keypad, USB","Safco Stackable Bookrack, Traditional","Smead Box, Single Width",2,0.00016
"Belkin Numeric Keypad, USB","Sauder Floating Shelf Set, Mobile","Smead Box, Single Width",2,0.00016
"Cuisinart Microwave, Black","Safco Stackable Bookrack, Traditional","Sauder Floating Shelf Set, Mobile",2,0.00016
"Cuisinart Microwave, Black","Safco Stackable Bookrack, Traditional","Smead Box, Single Width",2,0.00016
"Cuisinart Microwave, Black","Sauder Floating Shelf Set, Mobile","Smead Box, Single Width",2,0.00016
"Safco Stackable Bookrack, Traditional","Sauder Floating Shelf Set, Mobile","Smead Box, Single Width",2,0.00016
"Elite Box Cutter, Easy Grip","Enermax Router, Erganomic","GlobeWeis Mailers, with clear poly window",2,0.00016
"Elite Box Cutter, Easy Grip","Enermax Router, Erganomic","Konica Card Printer, Red",2,0.00016
"Elite Box Cutter, Easy Grip","Enermax Router, Erganomic","Wilson Jones Hole Reinforcements, Durable",2,0.00016
"Elite Box Cutter, Easy Grip","GlobeWeis Mailers, with clear poly window","Konica Card Printer, Red",2,0.00016
"Elite Box Cutter, Easy Grip","GlobeWeis Mailers, with clear poly window","Wilson Jones Hole Reinforcements, Durable",2,0.00016
"Elite Box Cutter, Easy Grip","Konica Card Printer, Red","Wilson Jones Hole Reinforcements, Durable",2,0.00016
"Enermax Router, Erganomic","GlobeWeis Mailers, with clear poly window","Konica Card Printer, Red",2,0.00016
"Enermax Router, Erganomic","GlobeWeis Mailers, with clear poly window","Wilson Jones Hole Reinforcements, Durable",2,0.00016
"Enermax Router, Erganomic","Konica Card Printer, Red","Wilson Jones Hole Reinforcements, Durable",2,0.00016
"GlobeWeis Mailers, with clear poly window","Konica Card Printer, Red","Wilson Jones Hole Reinforcements, Durable",2,0.00016
"Acco Index Tab, Clear","Belkin Flash Drive, USB","HP Ink, Laser",2,0.00016
"Acco Index Tab, Clear","Belkin Flash Drive, USB","Hamilton Beach Blender, Black",2,0.00016
"Acco Index Tab, Clear","HP Ink, Laser","Hamilton Beach Blender, Black",2,0.00016
"Belkin Flash Drive, USB","HP Ink, Laser","Hamilton Beach Blender, Black",2,0.00016
"Bevis Conference Table, Fully Assembled","Harbour Creations Swivel Stool, Set of Two","Hon Conference Table, with Bottom Storage",2,0.00016
"Bevis Conference Table, Fully Assembled","Harbour Creations Swivel Stool, Set of Two","Jiffy Mailers, Set of 50",2,0.00016
"Bevis Conference Table, Fully Assembled","Harbour Creations Swivel Stool, Set of Two","Memorex Flash Drive, USB",2,0.00016
"Bevis Conference Table, Fully Assembled","Harbour Creations Swivel Stool, Set of Two","Motorola Audio Dock, with Caller ID",2,0.00016
"Bevis Conference Table, Fully Assembled","Harbour Creations Swivel Stool, Set of Two","Sharp Personal Copier, Laser",2,0.00016
"Bevis Conference Table, Fully Assembled","Hon Conference Table, with Bottom Storage","Jiffy Mailers, Set of 50",2,0.00016
"Bevis Conference Table, Fully Assembled","Hon Conference Table, with Bottom Storage","Memorex Flash Drive, USB",2,0.00016
"Bevis Conference Table, Fully Assembled","Hon Conference Table, with Bottom Storage","Motorola Audio Dock, with Caller ID",2,0.00016
"Bevis Conference Table, Fully Assembled","Hon Conference Table, with Bottom Storage","Sharp Personal Copier, Laser",2,0.00016
"Bevis Conference Table, Fully Assembled","Jiffy Mailers, Set of 50","Memorex Flash Drive, USB",2,0.00016
"Bevis Conference Table, Fully Assembled","Jiffy Mailers, Set of 50","Motorola Audio Dock, with Caller ID",2,0.00016
"Bevis Conference Table, Fully Assembled","Jiffy Mailers, Set of 50","Sharp Personal Copier, Laser",2,0.00016
"Bevis Conference Table, Fully Assembled","Memorex Flash Drive, USB","Motorola Audio Dock, with Caller ID",2,0.00016
"Bevis Conference Table, Fully Assembled","Memorex Flash Drive, USB","Sharp Personal Copier, Laser",2,0.00016
"Bevis Conference Table, Fully Assembled","Motorola Audio Dock, with Caller ID","Sharp Personal Copier, Laser",2,0.00016
"Harbour Creations Swivel Stool, Set of Two","Hon Conference Table, with Bottom Storage","Jiffy Mailers, Set of 50",2,0.00016
"Harbour Creations Swivel Stool, Set of Two","Hon Conference Table, with Bottom Storage","Memorex Flash Drive, USB",2,0.00016
"Harbour Creations Swivel Stool, Set of Two","Hon Conference Table, with Bottom Storage","Motorola Audio Dock, with Caller ID",2,0.00016
"Harbour Creations Swivel Stool, Set of Two","Hon Conference Table, with Bottom Storage","Sharp Personal Copier, Laser",2,0.00016
"Harbour Creations Swivel Stool, Set of Two","Jiffy Mailers, Set of 50","Memorex Flash Drive, USB",2,0.00016
"Harbour Creations Swivel Stool, Set of Two","Jiffy Mailers, Set of 50","Motorola Audio Dock, with Caller ID",2,0.00016
"Harbour Creations Swivel Stool, Set of Two","Jiffy Mailers, Set of 50","Sharp Personal Copier, Laser",2,0.00016
"Harbour Creations Swivel Stool, Set of Two","Memorex Flash Drive, USB","Motorola Audio Dock, with Caller ID",2,0.00016
"Harbour Creations Swivel Stool, Set of Two","Memorex Flash Drive, USB","Sharp Personal Copier, Laser",2,0.00016
"Harbour Creations Swivel Stool, Set of Two","Motorola Audio Dock, with Caller ID","Sharp Personal Copier, Laser",2,0.00016
"Hon Conference Table, with Bottom Storage","Jiffy Mailers, Set of 50","Memorex Flash Drive, USB",2,0.00016
"Hon Conference Table, with Bottom Storage","Jiffy Mailers, Set of 50","Motorola Audio Dock, with Caller ID",2,0.00016
